name,terminology,code,term
bp_lowering,BNF,0202010B0AAABAB,Bendroflumethiazide 2.5mg tablets
bp_lowering,BNF,0202010B0AAACAC,Bendroflumethiazide 5mg tablets
bp_lowering,BNF,0202010B0AAAQAQ,Bendroflumethiazide 5mg/5ml oral suspension
bp_lowering,BNF,0202010B0AAAUAU,Bendroflumethiazide 1.25mg/5ml oral suspension
bp_lowering,BNF,0202010B0AAAXAX,Bendroflumethiazide 2.5mg/5ml oral suspension
bp_lowering,BNF,0202010B0BBAAAB,Aprinox 2.5mg tablets
bp_lowering,BNF,0202010B0BEABAB,Neo-Naclex 2.5mg tablets
bp_lowering,BNF,0202010D0AAAFAF,Chlorothiazide 500mg tablets
bp_lowering,BNF,0202010D0AAAUAU,Chlorothiazide 250mg/5ml oral suspension
bp_lowering,BNF,0202010D0AABCBC,Chlorothiazide 250mg/5ml oral solution
bp_lowering,BNF,0202010D0AABHBH,Chlorothiazide 40mg/5ml oral liquid
bp_lowering,BNF,0202010D0AABIBI,Chlorothiazide 200mg/5ml oral solution
bp_lowering,BNF,0202010D0AABJBJ,Chlorothiazide 30mg/5ml oral liquid
bp_lowering,BNF,0202010D0AABTBT,Chlorothiazide 80mg/5ml oral suspension
bp_lowering,BNF,0202010D0AABVBV,Chlorothiazide 500mg/5ml oral liquid
bp_lowering,BNF,0202010D0AABWBW,Chlorothiazide 12.5mg/5ml oral liquid
bp_lowering,BNF,0202010D0AACDCD,Chlorothiazide 225mg/5ml oral liquid
bp_lowering,BNF,0202010D0AACGCG,Chlorothiazide 5mg/5ml oral liquid
bp_lowering,BNF,0202010D0AACUCU,Chlorothiazide 143mg/5ml oral liquid
bp_lowering,BNF,0202010D0AACYCY,Chlorothiazide 250mg tablets
bp_lowering,BNF,0202010D0AADDDD,Chlorothiazide 150mg/5ml oral suspension
bp_lowering,BNF,0202010D0AADEDE,Chlorothiazide 25mg/5ml oral suspension
bp_lowering,BNF,0202010D0AADFDF,Chlorothiazide 300mg capsules
bp_lowering,BNF,0202010D0AADGDG,Chlorothiazide 200mg/5ml oral suspension
bp_lowering,BNF,0202010D0BCAAAU,Diuril 250mg/5ml oral suspension
bp_lowering,BNF,0202010F0AAAAAA,Chlortalidone 50mg tablets
bp_lowering,BNF,0202010F0AAALAL,Chlortalidone 12.5mg tablets
bp_lowering,BNF,0202010F0BBAAAA,Hygroton 50mg tablets
bp_lowering,BNF,0202010F0BCAAAA,Hylaton 50mg tablets
bp_lowering,BNF,0202010F0BCABAL,Hylaton 12.5mg tablets
bp_lowering,BNF,0202010L0AAABAB,Hydrochlorothiazide 25mg tablets
bp_lowering,BNF,0202010L0AAACAC,Hydrochlorothiazide 50mg tablets
bp_lowering,BNF,0202010L0AAAJAJ,Hydrochlorothiazide 12.5mg/5ml oral liquid
bp_lowering,BNF,0202010L0AAAMAM,Hydrochlorothiazide 25mg/5ml oral liquid
bp_lowering,BNF,0202010L0AAAPAP,Hydrochlorothiazide 50mg/5ml oral liquid
bp_lowering,BNF,0202010L0AAASAS,Hydrochlorothiazide 10mg/5ml oral liquid
bp_lowering,BNF,0202010L0AAATAT,Hydrochlorothiazide 5mg/5ml oral liquid
bp_lowering,BNF,0202010L0AAAYAY,Hydrochlorothiazide 12.5mg tablets
bp_lowering,BNF,0202010L0BCAAAB,Hydrosaluric 25mg tablets
bp_lowering,BNF,0202010P0AAAAAA,Indapamide 2.5mg tablets
bp_lowering,BNF,0202010P0AAABAB,Indapamide 2.5mg/5ml oral suspension
bp_lowering,BNF,0202010P0AAADAD,Indapamide 1.5mg modified-release tablets
bp_lowering,BNF,0202010P0AAAFAF,Indapamide 1.5mg modified-release tablets (old)
bp_lowering,BNF,0202010P0BBAAAA,Natrilix 2.5mg tablets
bp_lowering,BNF,0202010P0BBABAD,Natrilix SR 1.5mg tablets
bp_lowering,BNF,0202010P0BHAAAD,Tensaid XL 1.5mg tablets
bp_lowering,BNF,0202010P0BJAAAD,Indipam XL 1.5mg tablets
bp_lowering,BNF,0202010P0BLAAAD,Rawel XL 1.5mg tablets
bp_lowering,BNF,0202010P0BMAAAD,Cardide SR 1.5mg tablets
bp_lowering,BNF,0202010P0BNAAAD,Alkapamid XL 1.5mg tablets (HBS Healthcare)
bp_lowering,BNF,0202010P0BPAAAD,Alkapamid XL 1.5mg tablets (Rivopharm)
bp_lowering,BNF,0202010P0BQAAAD,Lorvacs XL 1.5mg tablets
bp_lowering,BNF,0202010V0AAAAAA,Metolazone 5mg tablets
bp_lowering,BNF,0202010V0AAAJAJ,Metolazone 500micrograms/5ml oral liquid
bp_lowering,BNF,0202010V0AAAKAK,Metolazone 2.5mg/5ml oral liquid
bp_lowering,BNF,0202010V0AAAMAM,Metolazone 1.25mg/5ml oral liquid
bp_lowering,BNF,0202010V0AAANAN,Metolazone 2.5mg tablets
bp_lowering,BNF,0202010V0BBAAAA,Metenix 5mg tablets
bp_lowering,BNF,0202010V0BEAAAN,Zaroxolyn 2.5mg tablets
bp_lowering,BNF,0202010V0BEABAA,Zaroxolyn 5mg tablets
bp_lowering,BNF,0202010V0BFAAAA,Xaqua 5mg tablets
bp_lowering,BNF,0202010Y0AAAAAA,Xipamide 20mg tablets
bp_lowering,BNF,0202010Y0BBAAAA,Diurexan 20mg tablets
bp_lowering,BNF,0202030C0AAACAC,Amiloride 5mg tablets
bp_lowering,BNF,0202030C0AAASAS,Amiloride 5mg/5ml oral solution sugar free
bp_lowering,BNF,0202030C0AAAXAX,Amiloride 5mg/5ml oral suspension
bp_lowering,BNF,0202030C0AAAZAZ,Amiloride 10mg/5ml oral liquid
bp_lowering,BNF,0202030C0BFAAAS,Amilamont 5mg/5ml oral solution sugar free
bp_lowering,BNF,0202030S0AAATAT,Spironolactone 25mg tablets
bp_lowering,BNF,0202030S0AAAUAU,Spironolactone 50mg tablets
bp_lowering,BNF,0202030S0AAAVAV,Spironolactone 100mg tablets
bp_lowering,BNF,0202030S0AACMCM,Spironolactone 5mg/5ml oral solution
bp_lowering,BNF,0202030S0AACPCP,Spironolactone 50mg/5ml oral solution
bp_lowering,BNF,0202030S0AACQCQ,Spironolactone 10mg/5ml oral solution
bp_lowering,BNF,0202030S0AACRCR,Spironolactone 100mg/5ml oral solution
bp_lowering,BNF,0202030S0AACTCT,Spironolactone 6.25mg/5ml oral liquid
bp_lowering,BNF,0202030S0AACWCW,Spironolactone 4mg/5ml oral liquid
bp_lowering,BNF,0202030S0AACXCX,Spironolactone 125mg/5ml oral liquid
bp_lowering,BNF,0202030S0AACYCY,Spironolactone 7mg/5ml oral liquid
bp_lowering,BNF,0202030S0AACZCZ,Spironolactone 250mg/5ml oral liquid
bp_lowering,BNF,0202030S0AADADA,Spironolactone 2.5mg/5ml oral liquid
bp_lowering,BNF,0202030S0AADCDC,Spironolactone 15mg/5ml oral suspension
bp_lowering,BNF,0202030S0AADDDD,Spironolactone 20mg/5ml oral liquid
bp_lowering,BNF,0202030S0AADPDP,Spironolactone 1.25mg/5ml oral liquid
bp_lowering,BNF,0202030S0AADSDS,Spironolactone 12mg/5ml oral liquid
bp_lowering,BNF,0202030S0AADUDU,Spironolactone 2mg/5ml oral liquid
bp_lowering,BNF,0202030S0AAEAEA,Spironolactone 25mg/5ml oral suspension
bp_lowering,BNF,0202030S0AAEBEB,Spironolactone 50mg/5ml oral suspension
bp_lowering,BNF,0202030S0AAECEC,Spironolactone 5mg/5ml oral suspension
bp_lowering,BNF,0202030S0AAEDED,Spironolactone 10mg/5ml oral suspension
bp_lowering,BNF,0202030S0AAEEEE,Spironolactone 100mg/5ml oral suspension
bp_lowering,BNF,0202030S0AAEFEF,Spironolactone 25mg/5ml oral solution
bp_lowering,BNF,0202030S0AAEGEG,Spironolactone 12.5mg tablets
bp_lowering,BNF,0202030S0BBAAAT,Aldactone 25mg tablets
bp_lowering,BNF,0202030S0BBABAU,Aldactone 50mg tablets
bp_lowering,BNF,0202030S0BBACAV,Aldactone 100mg tablets
bp_lowering,BNF,0202030W0AAAAAA,Triamterene 50mg capsules
bp_lowering,BNF,0202030X0AAAAAA,Eplerenone 25mg tablets
bp_lowering,BNF,0202030X0AAABAB,Eplerenone 50mg tablets
bp_lowering,BNF,0202030X0BBAAAA,Inspra 25mg tablets
bp_lowering,BNF,0202030X0BBABAB,Inspra 50mg tablets
bp_lowering,BNF,0202030Y0AAAAAA,Finerenone 10mg tablets
bp_lowering,BNF,0202030Y0AAABAB,Finerenone 20mg tablets
bp_lowering,BNF,020400010AAAAAA,Pindolol 10mg / Clopamide 5mg tablets
bp_lowering,BNF,020400010BBAAAA,Viskaldix tablets
bp_lowering,BNF,020400030AAAEAE,Timolol 10mg / Bendroflumethiazide 2.5mg tablets
bp_lowering,BNF,020400040AAAAAA,Co-tenidone 50mg/12.5mg tablets
bp_lowering,BNF,020400040AAABAB,Co-tenidone 100mg/25mg tablets
bp_lowering,BNF,020400040BBAAAA,Tenoret 50mg/12.5mg tablets
bp_lowering,BNF,020400040BCAAAB,Tenoretic 100mg/25mg tablets
bp_lowering,BNF,020400060AAAAAA,Celiprolol 200mg tablets
bp_lowering,BNF,020400060AAABAB,Celiprolol 400mg tablets
bp_lowering,BNF,020400060BBAAAA,Celectol 200mg tablets
bp_lowering,BNF,020400060BBABAB,Celectol 400mg tablets
bp_lowering,BNF,020400080AAABAB,Carvedilol 12.5mg tablets
bp_lowering,BNF,020400080AAACAC,Carvedilol 25mg tablets
bp_lowering,BNF,020400080AAADAD,Carvedilol 3.125mg/5ml oral suspension
bp_lowering,BNF,020400080AAAEAE,Carvedilol 3.125mg tablets
bp_lowering,BNF,020400080AAAFAF,Carvedilol 6.25mg tablets
bp_lowering,BNF,020400080AAAMAM,Carvedilol 1.5mg/5ml oral suspension
bp_lowering,BNF,020400080AAAPAP,Carvedilol 5mg/5ml oral suspension
bp_lowering,BNF,0204000ABAAAAAA,Nebivolol 5mg tablets
bp_lowering,BNF,0204000ABAAABAB,Nebivolol 2.5mg tablets
bp_lowering,BNF,0204000ABAAACAC,Nebivolol 10mg tablets
bp_lowering,BNF,0204000ABAAADAD,Nebivolol 1.25mg tablets
bp_lowering,BNF,0204000ABBBAAAA,Nebilet 5mg tablets
bp_lowering,BNF,0204000ACAAAAAA,Bisoprolol 5mg / Aspirin 75mg capsules
bp_lowering,BNF,0204000ACAAABAB,Bisoprolol 10mg / Aspirin 75mg capsules
bp_lowering,BNF,0204000ACAAADAD,Bisoprolol 5mg / Aspirin 100mg capsules
bp_lowering,BNF,0204000C0AAAAAA,Acebutolol 100mg capsules
bp_lowering,BNF,0204000C0AAABAB,Acebutolol 200mg capsules
bp_lowering,BNF,0204000C0AAADAD,Acebutolol 400mg tablets
bp_lowering,BNF,0204000C0BBAAAA,Sectral 100mg capsules
bp_lowering,BNF,0204000C0BBABAB,Sectral 200mg capsules
bp_lowering,BNF,0204000C0BBADAD,Sectral 400mg tablets
bp_lowering,BNF,0204000E0AAAAAA,Atenolol 25mg/5ml oral solution sugar free
bp_lowering,BNF,0204000E0AAABAB,Atenolol 50mg tablets
bp_lowering,BNF,0204000E0AAACAC,Atenolol 100mg tablets
bp_lowering,BNF,0204000E0AAAGAG,Atenolol 25mg tablets
bp_lowering,BNF,0204000E0AAANAN,Atenolol 25mg/5ml oral liquid
bp_lowering,BNF,0204000E0AAASAS,Atenolol 10mg/5ml oral liquid
bp_lowering,BNF,0204000E0BBABAA,Tenormin 25mg/5ml syrup
bp_lowering,BNF,0204000E0BBACAC,Tenormin 100mg tablets
bp_lowering,BNF,0204000E0BBAFAB,Tenormin LS 50mg tablets
bp_lowering,BNF,0204000H0AAAAAA,Bisoprolol 5mg tablets
bp_lowering,BNF,0204000H0AAABAB,Bisoprolol 10mg tablets
bp_lowering,BNF,0204000H0AAAJAJ,Bisoprolol 2.5mg tablets
bp_lowering,BNF,0204000H0AAAKAK,Bisoprolol 3.75mg tablets
bp_lowering,BNF,0204000H0AAALAL,Bisoprolol 7.5mg tablets
bp_lowering,BNF,0204000H0AAAMAM,Bisoprolol 1.25mg tablets
bp_lowering,BNF,0204000H0AAARAR,Bisoprolol 10mg/5ml oral liquid
bp_lowering,BNF,0204000H0AABBBB,Bisoprolol 7.5mg/5ml oral liquid
bp_lowering,BNF,0204000H0AABDBD,Bisoprolol 625micrograms/5ml oral liquid
bp_lowering,BNF,0204000H0AABEBE,Bisoprolol 2.5mg/5ml oral solution
bp_lowering,BNF,0204000H0AABFBF,Bisoprolol 2.5mg/5ml oral suspension
bp_lowering,BNF,0204000H0AABGBG,Bisoprolol 5mg/5ml oral solution
bp_lowering,BNF,0204000H0AABHBH,Bisoprolol 5mg/5ml oral suspension
bp_lowering,BNF,0204000H0AABIBI,Bisoprolol 1.25mg/5ml oral suspension
bp_lowering,BNF,0204000H0AABJBJ,Bisoprolol 1.25mg/5ml oral solution
bp_lowering,BNF,0204000H0BFAAAM,Cardicor 1.25mg tablets
bp_lowering,BNF,0204000H0BFABAJ,Cardicor 2.5mg tablets
bp_lowering,BNF,0204000H0BFACAK,Cardicor 3.75mg tablets
bp_lowering,BNF,0204000H0BFADAA,Cardicor 5mg tablets
bp_lowering,BNF,0204000H0BFAEAL,Cardicor 7.5mg tablets
bp_lowering,BNF,0204000H0BFAFAB,Cardicor 10mg tablets
bp_lowering,BNF,0204000H0BJAAAA,Vivacor 5mg tablets
bp_lowering,BNF,0204000H0BKAAAM,Congescor 1.25mg tablets (Tillomed)
bp_lowering,BNF,0204000H0BKABAJ,Congescor 2.5mg tablets (Tillomed)
bp_lowering,BNF,0204000I0AAAAAA,Labetalol 100mg/20ml solution for injection ampoules
bp_lowering,BNF,0204000I0AAABAB,Labetalol 50mg tablets
bp_lowering,BNF,0204000I0AAACAC,Labetalol 100mg tablets
bp_lowering,BNF,0204000I0AAADAD,Labetalol 200mg tablets
bp_lowering,BNF,0204000I0AAAEAE,Labetalol 400mg tablets
bp_lowering,BNF,0204000I0AAAIAI,Labetalol 50mg/5ml oral liquid
bp_lowering,BNF,0204000I0AAAJAJ,Labetalol 200mg/5ml oral liquid
bp_lowering,BNF,0204000I0BCAAAB,Trandate 50mg tablets
bp_lowering,BNF,0204000I0BCABAC,Trandate 100mg tablets
bp_lowering,BNF,0204000I0BCACAD,Trandate 200mg tablets
bp_lowering,BNF,0204000I0BCADAE,Trandate 400mg tablets
bp_lowering,BNF,0204000K0AAAAAA,Metoprolol 5mg/5ml solution for injection ampoules
bp_lowering,BNF,0204000K0AAABAB,Metoprolol 50mg tablets
bp_lowering,BNF,0204000K0AAACAC,Metoprolol 100mg tablets
bp_lowering,BNF,0204000K0AAADAD,Metoprolol 200mg modified-release tablets
bp_lowering,BNF,0204000K0AAAFAF,Metoprolol 12.5mg capsules
bp_lowering,BNF,0204000K0AAAMAM,Metoprolol 10mg/5ml oral liquid
bp_lowering,BNF,0204000K0AAANAN,Metoprolol 5mg/5ml oral liquid
bp_lowering,BNF,0204000K0AAASAS,Metoprolol 25mg/5ml oral liquid
bp_lowering,BNF,0204000K0AAATAT,Metoprolol 50mg/5ml oral suspension
bp_lowering,BNF,0204000K0AABKBK,Metoprolol 12.5mg/5ml oral solution
bp_lowering,BNF,0204000K0AABLBL,Metoprolol 12.5mg/5ml oral suspension
bp_lowering,BNF,0204000K0AABMBM,Metoprolol 50mg/5ml oral solution
bp_lowering,BNF,0204000K0AABNBN,Metoprolol 25mg tablets
bp_lowering,BNF,0204000K0BBAAAB,Betaloc 50mg tablets
bp_lowering,BNF,0204000K0BBACAA,Betaloc I.V. 5mg/5ml solution for injection ampoules
bp_lowering,BNF,0204000K0BDAAAB,Lopresor 50mg tablets
bp_lowering,BNF,0204000K0BDABAC,Lopresor 100mg tablets
bp_lowering,BNF,0204000K0BDACAD,Lopresor SR 200mg tablets
bp_lowering,BNF,0204000M0AAAAAA,Nadolol 40mg tablets
bp_lowering,BNF,0204000M0AAABAB,Nadolol 80mg tablets
bp_lowering,BNF,0204000M0AAADAD,Nadolol 10mg/5ml oral liquid
bp_lowering,BNF,0204000M0AAAFAF,Nadolol 30mg/5ml oral solution
bp_lowering,BNF,0204000M0AAAGAG,Nadolol 20mg/5ml oral solution
bp_lowering,BNF,0204000M0AAAHAH,Nadolol 20mg/5ml oral suspension
bp_lowering,BNF,0204000M0AAAIAI,Nadolol 30mg/5ml oral suspension
bp_lowering,BNF,0204000M0AAAJAJ,Nadolol 40mg/5ml oral suspension
bp_lowering,BNF,0204000M0BBABAB,Corgard 80mg tablets
bp_lowering,BNF,0204000N0AAABAB,Oxprenolol 20mg tablets
bp_lowering,BNF,0204000N0AAACAC,Oxprenolol 40mg tablets
bp_lowering,BNF,0204000N0AAAFAF,Oxprenolol 160mg modified-release tablets
bp_lowering,BNF,0204000N0BEAAAF,Slow-Trasicor 160mg tablets
bp_lowering,BNF,0204000P0AAAAAA,Pindolol 5mg tablets
bp_lowering,BNF,0204000P0BBAAAA,Visken 5mg tablets
bp_lowering,BNF,0204000T0AAABAB,Sotalol 40mg tablets
bp_lowering,BNF,0204000T0AAACAC,Sotalol 80mg tablets
bp_lowering,BNF,0204000T0AAAEAE,Sotalol 160mg tablets
bp_lowering,BNF,0204000T0AAAFAF,Sotalol 200mg tablets
bp_lowering,BNF,0204000T0AAAMAM,Sotalol 40mg/5ml oral liquid
bp_lowering,BNF,0204000T0AAANAN,Sotalol 20mg/5ml oral solution
bp_lowering,BNF,0204000T0AAARAR,Sotalol 30mg/5ml oral solution
bp_lowering,BNF,0204000T0AAATAT,Sotalol 25mg/5ml oral solution
bp_lowering,BNF,0204000T0AABCBC,Sotalol 25mg/5ml oral suspension
bp_lowering,BNF,0204000T0BBAAAB,Beta-Cardone 40mg tablets
bp_lowering,BNF,0204000T0BBABAC,Beta-Cardone 80mg tablets
bp_lowering,BNF,0204000T0BBACAF,Beta-Cardone 200mg tablets
bp_lowering,BNF,0204000T0BCAAAC,Sotacor 80mg tablets
bp_lowering,BNF,0204000T0BCABAE,Sotacor 160mg tablets
bp_lowering,BNF,0204000U0AAAAAA,Atenolol 50mg / Nifedipine 20mg modified-release capsules
bp_lowering,BNF,0204000U0BBAAAA,Beta-Adalat modified-release capsules
bp_lowering,BNF,0204000U0BCAAAA,Tenif 50mg/20mg modified-release capsules
bp_lowering,BNF,0204000V0AAAAAA,Timolol 10mg tablets
bp_lowering,BNF,0205010AAAAAAAA,Macitentan 10mg tablets
bp_lowering,BNF,0205010ABAAADAD,Riociguat 2mg tablets
bp_lowering,BNF,0205010ABAAAEAE,Riociguat 2.5mg tablets
bp_lowering,BNF,0205010ABBBAEAE,Adempas 2.5mg tablets
bp_lowering,BNF,0205010ACBBAAAA,Verquvo 10mg tablets
bp_lowering,BNF,0205010ACBBACAC,Verquvo 5mg tablets
bp_lowering,BNF,0205010J0AAA3A3,Hydralazine 10mg/5ml oral solution
bp_lowering,BNF,0205010J0AAA4A4,Hydralazine 50mg/5ml oral liquid
bp_lowering,BNF,0205010J0AAA8A8,Hydralazine 25mg/5ml oral liquid
bp_lowering,BNF,0205010J0AAAGAG,Hydralazine 25mg tablets
bp_lowering,BNF,0205010J0AAAHAH,Hydralazine 50mg tablets
bp_lowering,BNF,0205010J0AABKBK,Hydralazine 10mg tablets
bp_lowering,BNF,0205010J0AABQBQ,Hydralazine 2.5mg/5ml oral liquid
bp_lowering,BNF,0205010J0AABTBT,Hydralazine 10mg/5ml oral suspension
bp_lowering,BNF,0205010J0BBAAAG,Apresoline 25mg tablets
bp_lowering,BNF,0205010J0BCAABK,Apo-Hydralazine 10mg tablets
bp_lowering,BNF,0205010N0AAAAAA,Minoxidil 2.5mg tablets
bp_lowering,BNF,0205010N0AAABAB,Minoxidil 5mg tablets
bp_lowering,BNF,0205010N0AAACAC,Minoxidil 10mg tablets
bp_lowering,BNF,0205010N0BBAAAA,Loniten 2.5mg tablets
bp_lowering,BNF,0205010N0BBABAB,Loniten 5mg tablets
bp_lowering,BNF,0205010N0BBACAC,Loniten 10mg tablets
bp_lowering,BNF,0205010U0AAAAAA,Bosentan 62.5mg tablets
bp_lowering,BNF,0205010U0AAABAB,Bosentan 125mg tablets
bp_lowering,BNF,0205010U0BBABAB,Tracleer 125mg tablets
bp_lowering,BNF,0205010U0BCABAB,Stayveer 125mg tablets
bp_lowering,BNF,0205010V0AAACAC,Iloprost 10micrograms/1ml nebuliser liquid ampoules
bp_lowering,BNF,0205010X0AAAAAA,Ambrisentan 5mg tablets
bp_lowering,BNF,0205010X0AAABAB,Ambrisentan 10mg tablets
bp_lowering,BNF,0205010X0BBAAAA,Volibris 5mg tablets
bp_lowering,BNF,0205010X0BBABAB,Volibris 10mg tablets
bp_lowering,BNF,0205010Y0AAAAAA,Sildenafil 20mg tablets
bp_lowering,BNF,0205010Y0AAABAB,Sildenafil 10mg/ml oral suspension sugar free
bp_lowering,BNF,0205010Y0AAACAC,Sildenafil 10mg/12.5ml solution for injection vials
bp_lowering,BNF,0205010Y0BBAAAA,Revatio 20mg tablets
bp_lowering,BNF,0205010Y0BBABAB,Revatio 10mg/ml oral suspension
bp_lowering,BNF,0205010Y0BBACAC,Revatio 10mg/12.5ml solution for injection vials
bp_lowering,BNF,0205010Z0BBAAAA,Adcirca 20mg tablets
bp_lowering,BNF,0205020E0AAABAB,Clonidine 150micrograms/1ml solution for injection ampoules
bp_lowering,BNF,0205020E0AAACAC,Clonidine 100microgram tablets
bp_lowering,BNF,0205020E0AAAFAF,Clonidine 100micrograms/24hours transdermal patches
bp_lowering,BNF,0205020E0AAAGAG,Clonidine 200micrograms/24hours transdermal patches
bp_lowering,BNF,0205020E0AAAHAH,Clonidine 300micrograms/24hours transdermal patches
bp_lowering,BNF,0205020E0BBAAAC,Catapres 100microgram tablets
bp_lowering,BNF,0205020E0BBADAB,Catapres 150micrograms/1ml solution for injection ampoules
bp_lowering,BNF,0205020E0BBAEAF,Catapres TTS 1 patches
bp_lowering,BNF,0205020E0BBAFAG,Catapres TTS 2 patches
bp_lowering,BNF,0205020E0BBAGAH,Catapres TTS 3 patches
bp_lowering,BNF,0205020H0AAACAC,Methyldopa 125mg tablets
bp_lowering,BNF,0205020H0AAADAD,Methyldopa 250mg tablets
bp_lowering,BNF,0205020H0AAAEAE,Methyldopa 500mg tablets
bp_lowering,BNF,0205020H0AAAIAI,Methyldopa 250mg/5ml oral suspension
bp_lowering,BNF,0205020H0BBABAD,Aldomet 250mg tablets
bp_lowering,BNF,0205020H0BBACAE,Aldomet 500mg tablets
bp_lowering,BNF,0205020M0AAAAAA,Moxonidine 200microgram tablets
bp_lowering,BNF,0205020M0AAABAB,Moxonidine 400microgram tablets
bp_lowering,BNF,0205020M0AAACAC,Moxonidine 300microgram tablets
bp_lowering,BNF,0205020M0BBAAAA,Physiotens 200microgram tablets (Mylan)
bp_lowering,BNF,0205020M0BBABAB,Physiotens 400microgram tablets (Mylan)
bp_lowering,BNF,0205020M0BBACAC,Physiotens 300microgram tablets (Mylan)
bp_lowering,BNF,0205040D0AAAAAA,Doxazosin 1mg tablets
bp_lowering,BNF,0205040D0AAABAB,Doxazosin 2mg tablets
bp_lowering,BNF,0205040D0AAACAC,Doxazosin 4mg tablets
bp_lowering,BNF,0205040D0AAAFAF,Doxazosin 4mg capsules
bp_lowering,BNF,0205040D0AAAHAH,Doxazosin 8mg/5ml oral liquid
bp_lowering,BNF,0205040D0AAAIAI,Doxazosin 2mg/5ml oral liquid
bp_lowering,BNF,0205040D0AAAKAK,Doxazosin 5mg/5ml oral liquid
bp_lowering,BNF,0205040D0AAAQAQ,Doxazosin 4mg modified-release tablets
bp_lowering,BNF,0205040D0AAARAR,Doxazosin 8mg modified-release tablets
bp_lowering,BNF,0205040D0AAAXAX,Doxazosin 4mg/5ml oral solution
bp_lowering,BNF,0205040D0AAAYAY,Doxazosin 4mg/5ml oral suspension
bp_lowering,BNF,0205040D0AAAZAZ,Doxazosin 1mg/5ml oral solution
bp_lowering,BNF,0205040D0AABABA,Doxazosin 1mg/5ml oral suspension
bp_lowering,BNF,0205040D0AABBBB,Doxazosin 8mg tablets
bp_lowering,BNF,0205040D0BBAAAA,Cardura 1mg tablets
bp_lowering,BNF,0205040D0BBABAB,Cardura 2mg tablets
bp_lowering,BNF,0205040D0BBADAQ,Cardura XL 4mg tablets
bp_lowering,BNF,0205040D0BBAEAR,Cardura XL 8mg tablets
bp_lowering,BNF,0205040D0BDAAAA,Doxadura 1mg tablets
bp_lowering,BNF,0205040D0BDABAB,Doxadura 2mg tablets
bp_lowering,BNF,0205040D0BDACAC,Doxadura 4mg tablets
bp_lowering,BNF,0205040D0BDADAQ,Doxadura XL 4mg tablets
bp_lowering,BNF,0205040D0BEAAAQ,Slocinx XL 4mg tablets
bp_lowering,BNF,0205040D0BGABAQ,Cardozin XL 4mg tablets (Almus)
bp_lowering,BNF,0205040D0BIAAAQ,Doxzogen XL 4mg tablets
bp_lowering,BNF,0205040D0BJAAAQ,Larbex XL 4mg tablets
bp_lowering,BNF,0205040D0BKAAAQ,Raporsin XL 4mg tablets (Actavis)
bp_lowering,BNF,0205040I0AAAAAA,Indoramin 25mg tablets
bp_lowering,BNF,0205040M0AAACAC,Phenoxybenzamine 10mg capsules
bp_lowering,BNF,0205040S0AAABAB,Prazosin 500microgram tablets
bp_lowering,BNF,0205040S0AAACAC,Prazosin 1mg tablets
bp_lowering,BNF,0205040S0AAADAD,Prazosin 2mg tablets
bp_lowering,BNF,0205040S0AAAEAE,Prazosin 5mg tablets
bp_lowering,BNF,0205040S0AAAIAI,Prazosin 500micrograms/5ml oral liquid
bp_lowering,BNF,0205040S0AAAKAK,Prazosin 1mg/5ml oral liquid
bp_lowering,BNF,0205040S0BBAAAB,Hypovase 500microgram tablets
bp_lowering,BNF,0205040S0BBABAC,Hypovase 1mg tablets
bp_lowering,BNF,0205040S0BBACAD,Hypovase 2mg tablets
bp_lowering,BNF,0205040S0BCABAD,Minipress 2mg tablets
bp_lowering,BNF,0205040S0BCACAE,Minipress 5mg tablets
bp_lowering,BNF,0205040V0AAAAAA,Terazosin 2mg tablets and Terazosin 1mg tablets
bp_lowering,BNF,0205040V0AAABAB,Terazosin 2mg tablets
bp_lowering,BNF,0205040V0AAACAC,Terazosin 5mg tablets
bp_lowering,BNF,0205040V0AAADAD,Terazosin 10mg tablets
bp_lowering,BNF,0205040V0BBABAB,Hytrin 2mg tablets
bp_lowering,BNF,0205040V0BBACAC,Hytrin 5mg tablets
bp_lowering,BNF,0205040V0BBADAD,Hytrin 10mg tablets
bp_lowering,BNF,0205040V0BBAEAA,Hytrin tablets starter pack
bp_lowering,BNF,0205040V0BCAAAB,Benph 2mg tablets
bp_lowering,BNF,0205051AAAAABAB,Perindopril tosilate 5mg tablets
bp_lowering,BNF,0205051AAAAACAC,Perindopril tosilate 10mg tablets
bp_lowering,BNF,0205051ABAAAAAA,Perindopril tosilate 5mg / Indapamide 1.25mg tablets
bp_lowering,BNF,0205051ACAAAAAA,Perindopril erbumine 4mg / Amlodipine 5mg tablets
bp_lowering,BNF,0205051ACAAABAB,Perindopril erbumine 4mg / Amlodipine 10mg tablets
bp_lowering,BNF,0205051ACAAACAC,Perindopril erbumine 8mg / Amlodipine 10mg tablets
bp_lowering,BNF,0205051ACAAADAD,Perindopril erbumine 8mg / Amlodipine 5mg tablets
bp_lowering,BNF,0205051E0AAAEAE,Cilazapril 5mg tablets
bp_lowering,BNF,0205051F0AAADAD,Captopril 12.5mg tablets
bp_lowering,BNF,0205051F0AAAEAE,Captopril 25mg tablets
bp_lowering,BNF,0205051F0AAAFAF,Captopril 50mg tablets
bp_lowering,BNF,0205051F0AABNBN,Captopril 5mg/5ml oral liquid
bp_lowering,BNF,0205051F0AABPBP,Captopril 20mg/5ml oral liquid
bp_lowering,BNF,0205051F0AABRBR,Captopril 10mg/5ml oral liquid
bp_lowering,BNF,0205051F0AABTBT,Captopril 12.5mg/5ml oral liquid
bp_lowering,BNF,0205051F0AABWBW,Captopril 25mg/5ml oral liquid
bp_lowering,BNF,0205051F0AABXBX,Captopril 6.25mg/5ml oral liquid
bp_lowering,BNF,0205051F0AABYBY,Captopril 2.5mg/5ml oral liquid
bp_lowering,BNF,0205051F0AACACA,Captopril 50mg/5ml oral liquid
bp_lowering,BNF,0205051F0AACDCD,Captopril 3mg/5ml oral liquid
bp_lowering,BNF,0205051F0AACICI,Captopril 3.125mg/5ml oral liquid
bp_lowering,BNF,0205051F0AACTCT,Captopril 5mg/ml oral solution sugar free
bp_lowering,BNF,0205051F0AADEDE,Captopril 8mg/5ml oral liquid
bp_lowering,BNF,0205051F0AADFDF,Captopril 12mg/5ml oral solution
bp_lowering,BNF,0205051F0AADUDU,Captopril 50mg capsules
bp_lowering,BNF,0205051F0AADZDZ,Captopril 25mg/5ml oral solution sugar free
bp_lowering,BNF,0205051F0AAEAEA,Captopril 5mg/5ml oral solution sugar free
bp_lowering,BNF,0205051F0BCABAE,Capoten 25mg tablets
bp_lowering,BNF,0205051F0BCACAF,Capoten 50mg tablets
bp_lowering,BNF,0205051F0BDABAE,Ecopace 25mg tablets
bp_lowering,BNF,0205051F0BIAADZ,Noyada 25mg/5ml oral solution
bp_lowering,BNF,0205051F0BIABEA,Noyada 5mg/5ml oral solution
bp_lowering,BNF,0205051G0AAAAAA,Co-zidocapt 25mg/50mg tablets
bp_lowering,BNF,0205051G0AAABAB,Co-zidocapt 12.5mg/25mg tablets
bp_lowering,BNF,0205051G0BCAAAA,Capozide 25mg/50mg tablets
bp_lowering,BNF,0205051H0AAAAAA,Enalapril 20mg / Hydrochlorothiazide 12.5mg tablets
bp_lowering,BNF,0205051H0BBAAAA,Innozide 20mg/12.5mg tablets
bp_lowering,BNF,0205051I0AAAAAA,Enalapril 2.5mg tablets
bp_lowering,BNF,0205051I0AAABAB,Enalapril 5mg tablets
bp_lowering,BNF,0205051I0AAACAC,Enalapril 10mg tablets
bp_lowering,BNF,0205051I0AAADAD,Enalapril 20mg tablets
bp_lowering,BNF,0205051I0AAAJAJ,Enalapril 2.5mg/5ml oral liquid
bp_lowering,BNF,0205051I0AAAUAU,Enalapril 10mg/5ml oral solution
bp_lowering,BNF,0205051I0AABFBF,Enalapril 1.25mg/5ml oral solution
bp_lowering,BNF,0205051I0AABSBS,Enalapril 1.5mg/5ml oral liquid
bp_lowering,BNF,0205051I0AABTBT,Enalapril 1.2mg/5ml oral liquid
bp_lowering,BNF,0205051I0AABYBY,Enalapril 5mg/5ml oral solution
bp_lowering,BNF,0205051I0AABZBZ,Enalapril 5mg/5ml oral suspension
bp_lowering,BNF,0205051I0AACACA,Enalapril 10mg/5ml oral suspension
bp_lowering,BNF,0205051I0AACBCB,Enalapril 1.25mg/5ml oral suspension
bp_lowering,BNF,0205051I0BBAAAA,Innovace 2.5mg tablets
bp_lowering,BNF,0205051I0BBABAB,Innovace 5mg tablets
bp_lowering,BNF,0205051I0BBACAC,Innovace 10mg tablets
bp_lowering,BNF,0205051I0BBADAD,Innovace 20mg tablets
bp_lowering,BNF,0205051J0AAAAAA,Fosinopril 10mg tablets
bp_lowering,BNF,0205051J0AAABAB,Fosinopril 20mg tablets
bp_lowering,BNF,0205051J0BBABAB,Staril 20mg tablets
bp_lowering,BNF,0205051K0AAAAAA,Lisinopril 20mg / Hydrochlorothiazide 12.5mg tablets
bp_lowering,BNF,0205051K0AAABAB,Lisinopril 10mg / Hydrochlorothiazide 12.5mg tablets
bp_lowering,BNF,0205051K0BBAAAA,Zestoretic 20 tablets
bp_lowering,BNF,0205051K0BBABAB,Zestoretic 10 tablets
bp_lowering,BNF,0205051K0BCAAAA,Carace 20 Plus tablets
bp_lowering,BNF,0205051K0BDABAA,Caralpha 20mg/12.5mg tablets
bp_lowering,BNF,0205051K0BFAAAA,Lisoretic 20mg/12.5mg tablets
bp_lowering,BNF,0205051K0BFABAB,Lisoretic 10mg/12.5mg tablets
bp_lowering,BNF,0205051L0AAAAAA,Lisinopril 2.5mg tablets
bp_lowering,BNF,0205051L0AAABAB,Lisinopril 5mg tablets
bp_lowering,BNF,0205051L0AAACAC,Lisinopril 10mg tablets
bp_lowering,BNF,0205051L0AAADAD,Lisinopril 20mg tablets
bp_lowering,BNF,0205051L0AAAGAG,Lisinopril 5mg/5ml oral liquid
bp_lowering,BNF,0205051L0AAAHAH,Lisinopril 10mg/5ml oral liquid
bp_lowering,BNF,0205051L0AAAIAI,Lisinopril 2.5mg/5ml oral liquid
bp_lowering,BNF,0205051L0AAAKAK,Lisinopril 15mg/5ml oral liquid
bp_lowering,BNF,0205051L0AAANAN,Lisinopril 7.5mg/5ml oral liquid
bp_lowering,BNF,0205051L0AAAQAQ,Lisinopril 5mg/5ml oral solution sugar free
bp_lowering,BNF,0205051L0AAAYAY,Lisinopril 20mg/5ml oral solution
bp_lowering,BNF,0205051L0AAAZAZ,Lisinopril 20mg/5ml oral suspension
bp_lowering,BNF,0205051L0BBAAAA,Zestril 2.5mg tablets
bp_lowering,BNF,0205051L0BBABAB,Zestril 5mg tablets
bp_lowering,BNF,0205051L0BBACAC,Zestril 10mg tablets
bp_lowering,BNF,0205051L0BBADAD,Zestril 20mg tablets
bp_lowering,BNF,0205051L0BCAAAA,Carace 2.5mg tablets
bp_lowering,BNF,0205051L0BCACAC,Carace 10mg tablets
bp_lowering,BNF,0205051L0BEAAAA,Lisopress 2.5mg tablets
bp_lowering,BNF,0205051L0BEACAC,Lisopress 10mg tablets
bp_lowering,BNF,0205051L0BEADAD,Lisopress 20mg tablets
bp_lowering,BNF,0205051M0AAAAAA,Perindopril erbumine 2mg tablets
bp_lowering,BNF,0205051M0AAABAB,Perindopril erbumine 4mg tablets
bp_lowering,BNF,0205051M0AAACAC,Perindopril erbumine 1mg/5ml oral liquid
bp_lowering,BNF,0205051M0AAAFAF,Perindopril erbumine 8mg tablets
bp_lowering,BNF,0205051M0AAAHAH,Perindopril erbumine 8mg/5ml oral liquid
bp_lowering,BNF,0205051M0AAAKAK,Perindopril erbumine 4mg/5ml oral solution
bp_lowering,BNF,0205051M0AAALAL,Perindopril erbumine 4mg/5ml oral suspension
bp_lowering,BNF,0205051M0BBAAAA,Coversyl 2mg tablets
bp_lowering,BNF,0205051M0BBABAB,Coversyl 4mg tablets
bp_lowering,BNF,0205051M0BBACAF,Coversyl 8mg tablets
bp_lowering,BNF,0205051N0AAAAAA,Perindopril erbumine 4mg / Indapamide 1.25mg tablets
bp_lowering,BNF,0205051N0BBAAAA,Coversyl Plus tablets
bp_lowering,BNF,0205051P0AAAAAA,Quinapril 10mg / Hydrochlorothiazide 12.5mg tablets
bp_lowering,BNF,0205051P0BBAAAA,Accuretic 10mg/12.5mg tablets
bp_lowering,BNF,0205051Q0AAAAAA,Quinapril 5mg tablets
bp_lowering,BNF,0205051Q0AAABAB,Quinapril 10mg tablets
bp_lowering,BNF,0205051Q0AAACAC,Quinapril 20mg tablets
bp_lowering,BNF,0205051Q0AAADAD,Quinapril 40mg tablets
bp_lowering,BNF,0205051Q0BBAAAA,Accupro 5mg tablets
bp_lowering,BNF,0205051Q0BBABAB,Accupro 10mg tablets
bp_lowering,BNF,0205051Q0BBACAC,Accupro 20mg tablets
bp_lowering,BNF,0205051Q0BBADAD,Accupro 40mg tablets
bp_lowering,BNF,0205051R0AAAAAA,Ramipril 1.25mg capsules
bp_lowering,BNF,0205051R0AAABAB,Ramipril 2.5mg capsules
bp_lowering,BNF,0205051R0AAACAC,Ramipril 5mg capsules
bp_lowering,BNF,0205051R0AAADAD,Ramipril 10mg capsules
bp_lowering,BNF,0205051R0AAAEAE,Ramipril 5mg/5ml oral liquid
bp_lowering,BNF,0205051R0AAAFAF,Ramipril 2.5mg/5ml oral liquid
bp_lowering,BNF,0205051R0AAAGAG,Ramipril 1.25mg/5ml oral liquid
bp_lowering,BNF,0205051R0AAAHAH,Ramipril 10mg/5ml oral liquid
bp_lowering,BNF,0205051R0AAAKAK,Ramipril 1.25mg tablets
bp_lowering,BNF,0205051R0AAALAL,Ramipril 2.5mg tablets
bp_lowering,BNF,0205051R0AAAMAM,Ramipril 5mg tablets
bp_lowering,BNF,0205051R0AAANAN,Ramipril 10mg tablets
bp_lowering,BNF,0205051R0AAATAT,Ramipril 2.5mg/5ml oral solution sugar free
bp_lowering,BNF,0205051R0AAAUAU,Generic Tritace titration pack tablets
bp_lowering,BNF,0205051R0AAAWAW,Ramipril 10mg/5ml oral suspension
bp_lowering,BNF,0205051R0BBACAC,Tritace 5mg capsules
bp_lowering,BNF,0205051R0BBADAD,Tritace 10mg capsules
bp_lowering,BNF,0205051R0BBAFAK,Tritace 1.25mg tablets
bp_lowering,BNF,0205051R0BBAGAL,Tritace 2.5mg tablets
bp_lowering,BNF,0205051R0BBAHAM,Tritace 5mg tablets
bp_lowering,BNF,0205051R0BBAIAN,Tritace 10mg tablets
bp_lowering,BNF,0205051R0BBAJAU,Tritace titration pack tablets
bp_lowering,BNF,0205051S0AAAAAA,Felodipine 2.5mg modified-release / Ramipril 2.5mg tablets
bp_lowering,BNF,0205051S0AAABAB,Felodipine 5mg modified-release / Ramipril 5mg tablets
bp_lowering,BNF,0205051S0BBAAAA,Triapin 2.5mg/2.5mg modified-release tablets
bp_lowering,BNF,0205051S0BBABAB,Triapin 5mg/5mg modified-release tablets
bp_lowering,BNF,0205051U0AAAAAA,Trandolapril 500microgram capsules
bp_lowering,BNF,0205051U0AAABAB,Trandolapril 1mg capsules
bp_lowering,BNF,0205051U0AAACAC,Trandolapril 2mg capsules
bp_lowering,BNF,0205051U0AAAFAF,Trandolapril 4mg capsules
bp_lowering,BNF,0205051W0AAAAAA,Imidapril 10mg tablets
bp_lowering,BNF,0205051W0AAABAB,Imidapril 5mg tablets
bp_lowering,BNF,0205051W0AAACAC,Imidapril 20mg tablets
bp_lowering,BNF,0205051W0BBAAAA,Tanatril 10mg tablets
bp_lowering,BNF,0205051W0BBABAB,Tanatril 5mg tablets
bp_lowering,BNF,0205051W0BBACAC,Tanatril 20mg tablets
bp_lowering,BNF,0205051Y0AAAAAA,Perindopril arginine 2.5mg tablets
bp_lowering,BNF,0205051Y0AAABAB,Perindopril arginine 5mg tablets
bp_lowering,BNF,0205051Y0AAACAC,Perindopril arginine 10mg tablets
bp_lowering,BNF,0205051Y0BBAAAA,Coversyl Arginine 2.5mg tablets
bp_lowering,BNF,0205051Y0BBABAB,Coversyl Arginine 5mg tablets
bp_lowering,BNF,0205051Y0BBACAC,Coversyl Arginine 10mg tablets
bp_lowering,BNF,0205051Z0AAAAAA,Perindopril arginine 5mg / Indapamide 1.25mg tablets
bp_lowering,BNF,0205051Z0BBAAAA,Coversyl Arginine Plus 5mg/1.25mg tablets
bp_lowering,BNF,0205052A0AAAAAA,Irbesartan 150mg / Hydrochlorothiazide 12.5mg tablets
bp_lowering,BNF,0205052A0AAABAB,Irbesartan 300mg / Hydrochlorothiazide 12.5mg tablets
bp_lowering,BNF,0205052A0AAACAC,Irbesartan 300mg / Hydrochlorothiazide 25mg tablets
bp_lowering,BNF,0205052A0BBAAAA,CoAprovel 150mg/12.5mg tablets
bp_lowering,BNF,0205052A0BBABAB,CoAprovel 300mg/12.5mg tablets
bp_lowering,BNF,0205052A0BBACAC,CoAprovel 300mg/25mg tablets
bp_lowering,BNF,0205052ABAAAAAA,Olmesartan medoxomil 20mg / Amlodipine 5mg tablets
bp_lowering,BNF,0205052ABAAABAB,Olmesartan medoxomil 40mg / Amlodipine 5mg tablets
bp_lowering,BNF,0205052ABAAACAC,Olmesartan medoxomil 40mg / Amlodipine 10mg tablets
bp_lowering,BNF,0205052ABBBAAAA,Sevikar 20mg/5mg tablets
bp_lowering,BNF,0205052ABBBABAB,Sevikar 40mg/5mg tablets
bp_lowering,BNF,0205052ABBBACAC,Sevikar 40mg/10mg tablets
bp_lowering,BNF,0205052ACAAAAAA,Generic Sevikar HCT 20mg/5mg/12.5mg tablets
bp_lowering,BNF,0205052ACAAABAB,Generic Sevikar HCT 40mg/5mg/12.5mg tablets
bp_lowering,BNF,0205052ACAAACAC,Generic Sevikar HCT 40mg/10mg/12.5mg tablets
bp_lowering,BNF,0205052ACAAADAD,Generic Sevikar HCT 40mg/5mg/25mg tablets
bp_lowering,BNF,0205052ACAAAEAE,Generic Sevikar HCT 40mg/10mg/25mg tablets
bp_lowering,BNF,0205052ACBBAAAA,Sevikar HCT 20mg/5mg/12.5mg tablets
bp_lowering,BNF,0205052ACBBABAB,Sevikar HCT 40mg/5mg/12.5mg tablets
bp_lowering,BNF,0205052ACBBACAC,Sevikar HCT 40mg/10mg/12.5mg tablets
bp_lowering,BNF,0205052ACBBADAD,Sevikar HCT 40mg/5mg/25mg tablets
bp_lowering,BNF,0205052ACBBAEAE,Sevikar HCT 40mg/10mg/25mg tablets
bp_lowering,BNF,0205052ADAAAAAA,Azilsartan medoxomil 20mg tablets
bp_lowering,BNF,0205052ADAAABAB,Azilsartan medoxomil 40mg tablets
bp_lowering,BNF,0205052ADAAACAC,Azilsartan medoxomil 80mg tablets
bp_lowering,BNF,0205052ADBBAAAA,Edarbi 20mg tablets
bp_lowering,BNF,0205052ADBBABAB,Edarbi 40mg tablets
bp_lowering,BNF,0205052ADBBACAC,Edarbi 80mg tablets
bp_lowering,BNF,0205052B0AAAAAA,Olmesartan medoxomil 10mg tablets
bp_lowering,BNF,0205052B0AAABAB,Olmesartan medoxomil 20mg tablets
bp_lowering,BNF,0205052B0AAACAC,Olmesartan medoxomil 40mg tablets
bp_lowering,BNF,0205052B0AAADAD,Olmesartan medoxomil 10mg/5ml oral liquid
bp_lowering,BNF,0205052B0BBAAAA,Olmetec 10mg tablets
bp_lowering,BNF,0205052B0BBABAB,Olmetec 20mg tablets
bp_lowering,BNF,0205052B0BBACAC,Olmetec 40mg tablets
bp_lowering,BNF,0205052C0AAAAAA,Candesartan 2mg tablets
bp_lowering,BNF,0205052C0AAABAB,Candesartan 4mg tablets
bp_lowering,BNF,0205052C0AAACAC,Candesartan 8mg tablets
bp_lowering,BNF,0205052C0AAADAD,Candesartan 16mg tablets
bp_lowering,BNF,0205052C0AAAHAH,Candesartan 32mg tablets
bp_lowering,BNF,0205052C0AAAIAI,Candesartan 4mg/5ml oral liquid
bp_lowering,BNF,0205052C0AAAJAJ,Candesartan 8mg/5ml oral liquid
bp_lowering,BNF,0205052C0BBAAAA,Amias 2mg tablets
bp_lowering,BNF,0205052C0BBABAB,Amias 4mg tablets
bp_lowering,BNF,0205052C0BBACAC,Amias 8mg tablets
bp_lowering,BNF,0205052C0BBADAD,Amias 16mg tablets
bp_lowering,BNF,0205052C0BBAEAH,Amias 32mg tablets
bp_lowering,BNF,0205052I0AAAAAA,Irbesartan 75mg tablets
bp_lowering,BNF,0205052I0AAABAB,Irbesartan 150mg tablets
bp_lowering,BNF,0205052I0AAACAC,Irbesartan 300mg tablets
bp_lowering,BNF,0205052I0AAAFAF,Irbesartan 150mg/5ml oral suspension
bp_lowering,BNF,0205052I0AAAGAG,Irbesartan 300mg/5ml oral suspension
bp_lowering,BNF,0205052I0AAAMAM,Irbesartan 100mg/5ml oral suspension
bp_lowering,BNF,0205052I0BBAAAA,Aprovel 75mg tablets
bp_lowering,BNF,0205052I0BBABAB,Aprovel 150mg tablets
bp_lowering,BNF,0205052I0BBACAC,Aprovel 300mg tablets
bp_lowering,BNF,0205052I0BEAAAA,Ifirmasta 75mg tablets
bp_lowering,BNF,0205052I0BEABAB,Ifirmasta 150mg tablets
bp_lowering,BNF,0205052I0BEACAC,Ifirmasta 300mg tablets
bp_lowering,BNF,0205052N0AAAAAA,Losartan 25mg tablets
bp_lowering,BNF,0205052N0AAABAB,Losartan 50mg tablets
bp_lowering,BNF,0205052N0AAADAD,Losartan 100mg tablets
bp_lowering,BNF,0205052N0AAAEAE,Losartan 50mg/5ml oral solution
bp_lowering,BNF,0205052N0AAAFAF,Losartan 100mg/5ml oral liquid
bp_lowering,BNF,0205052N0AAAGAG,Losartan 25mg/5ml oral liquid
bp_lowering,BNF,0205052N0AAAHAH,Losartan 12.5mg tablets
bp_lowering,BNF,0205052N0AAAIAI,Losartan 2.5mg/ml oral suspension sugar free
bp_lowering,BNF,0205052N0AAAJAJ,Losartan 50mg/5ml oral suspension
bp_lowering,BNF,0205052N0AAALAL,Losartan 12.5mg/5ml oral suspension
bp_lowering,BNF,0205052N0BBAAAA,Cozaar 25mg tablets
bp_lowering,BNF,0205052N0BBABAB,Cozaar 50mg tablets
bp_lowering,BNF,0205052N0BBACAD,Cozaar 100mg tablets
bp_lowering,BNF,0205052N0BBADAH,Cozaar 12.5mg tablets
bp_lowering,BNF,0205052N0BBAEAI,Cozaar 2.5mg/ml oral suspension
bp_lowering,BNF,0205052P0AAAAAA,Losartan 50mg / Hydrochlorothiazide 12.5mg tablets
bp_lowering,BNF,0205052P0AAABAB,Losartan 100mg / Hydrochlorothiazide 25mg tablets
bp_lowering,BNF,0205052P0AAACAC,Losartan 100mg / Hydrochlorothiazide 12.5mg tablets
bp_lowering,BNF,0205052P0BBAAAA,Cozaar-Comp 50mg/12.5mg tablets
bp_lowering,BNF,0205052P0BBABAB,Cozaar-Comp 100mg/25mg tablets
bp_lowering,BNF,0205052P0BBACAC,Cozaar-Comp 100mg/12.5mg tablets
bp_lowering,BNF,0205052Q0AAAAAA,Telmisartan 40mg tablets
bp_lowering,BNF,0205052Q0AAABAB,Telmisartan 80mg tablets
bp_lowering,BNF,0205052Q0AAACAC,Telmisartan 20mg tablets
bp_lowering,BNF,0205052Q0BBAAAA,Micardis 40mg tablets
bp_lowering,BNF,0205052Q0BBABAB,Micardis 80mg tablets
bp_lowering,BNF,0205052Q0BBACAC,Micardis 20mg tablets
bp_lowering,BNF,0205052Q0BCAAAA,Tolura 40mg tablets
bp_lowering,BNF,0205052Q0BCABAB,Tolura 80mg tablets
bp_lowering,BNF,0205052Q0BCACAC,Tolura 20mg tablets
bp_lowering,BNF,0205052R0AAAAAA,Telmisartan 40mg / Hydrochlorothiazide 12.5mg tablets
bp_lowering,BNF,0205052R0AAABAB,Telmisartan 80mg / Hydrochlorothiazide 12.5mg tablets
bp_lowering,BNF,0205052R0AAACAC,Telmisartan 80mg / Hydrochlorothiazide 25mg tablets
bp_lowering,BNF,0205052R0BBAAAA,MicardisPlus 40mg/12.5mg tablets
bp_lowering,BNF,0205052R0BBABAB,MicardisPlus 80mg/12.5mg tablets
bp_lowering,BNF,0205052R0BBACAC,MicardisPlus 80mg/25mg tablets
bp_lowering,BNF,0205052R0BCAAAA,Actelsar HCT 40mg/12.5mg tablets
bp_lowering,BNF,0205052R0BCABAB,Actelsar HCT 80mg/12.5mg tablets
bp_lowering,BNF,0205052R0BCACAC,Actelsar HCT 80mg/25mg tablets
bp_lowering,BNF,0205052R0BDAAAA,Tolucombi 40mg/12.5mg tablets
bp_lowering,BNF,0205052R0BDABAB,Tolucombi 80mg/12.5mg tablets
bp_lowering,BNF,0205052R0BDACAC,Tolucombi 80mg/25mg tablets
bp_lowering,BNF,0205052V0AAAAAA,Valsartan 40mg capsules
bp_lowering,BNF,0205052V0AAABAB,Valsartan 80mg capsules
bp_lowering,BNF,0205052V0AAACAC,Valsartan 160mg capsules
bp_lowering,BNF,0205052V0AAADAD,Valsartan 40mg tablets
bp_lowering,BNF,0205052V0AAAEAE,Valsartan 40mg/5ml oral liquid
bp_lowering,BNF,0205052V0AAAFAF,Valsartan 320mg tablets
bp_lowering,BNF,0205052V0AAAHAH,Valsartan 160mg tablets
bp_lowering,BNF,0205052V0AAAIAI,Valsartan 80mg tablets
bp_lowering,BNF,0205052V0AAAJAJ,Valsartan 3mg/ml oral solution
bp_lowering,BNF,0205052V0BBAAAA,Diovan 40mg capsules
bp_lowering,BNF,0205052V0BBABAB,Diovan 80mg capsules
bp_lowering,BNF,0205052V0BBACAC,Diovan 160mg capsules
bp_lowering,BNF,0205052V0BBADAD,Diovan 40mg tablets
bp_lowering,BNF,0205052V0BBAEAF,Diovan 320mg tablets
bp_lowering,BNF,0205052V0BBAFAJ,Diovan 3mg/1ml oral solution
bp_lowering,BNF,0205052W0AAAAAA,Eprosartan 300mg tablets
bp_lowering,BNF,0205052W0AAABAB,Eprosartan 400mg tablets
bp_lowering,BNF,0205052W0AAACAC,Eprosartan 600mg tablets
bp_lowering,BNF,0205052W0BBAAAA,Teveten 300mg tablets
bp_lowering,BNF,0205052W0BBABAB,Teveten 400mg tablets
bp_lowering,BNF,0205052W0BBACAC,Teveten 600mg tablets
bp_lowering,BNF,0205052X0AAAAAA,Valsartan 160mg / Hydrochlorothiazide 12.5mg tablets
bp_lowering,BNF,0205052X0AAABAB,Valsartan 160mg / Hydrochlorothiazide 25mg tablets
bp_lowering,BNF,0205052X0AAACAC,Valsartan 80mg / Hydrochlorothiazide 12.5mg tablets
bp_lowering,BNF,0205052X0BBAAAA,Co-Diovan 160mg/12.5mg tablets
bp_lowering,BNF,0205052X0BBABAB,Co-Diovan 160mg/25mg tablets
bp_lowering,BNF,0205052X0BBACAC,Co-Diovan 80mg/12.5mg tablets
bp_lowering,BNF,0205052Y0AAAAAA,Olmesartan medoxomil 20mg / Hydrochlorothiazide 12.5mg tab
bp_lowering,BNF,0205052Y0AAABAB,Olmesartan medoxomil 20mg / Hydrochlorothiazide 25mg tablets
bp_lowering,BNF,0205052Y0AAACAC,Olmesartan medoxomil 40mg / Hydrochlorothiazide 12.5mg tab
bp_lowering,BNF,0205052Y0BBAAAA,Olmetec Plus 20mg/12.5mg tablets
bp_lowering,BNF,0205052Y0BBABAB,Olmetec Plus 20mg/25mg tablets
bp_lowering,BNF,0205052Y0BBACAC,Olmetec Plus 40mg/12.5mg tablets
bp_lowering,BNF,0205053A0AAAAAA,Aliskiren 150mg tablets
bp_lowering,BNF,0205053A0AAABAB,Aliskiren 300mg tablets
bp_lowering,BNF,0205053A0BBAAAA,Rasilez 150mg tablets
bp_lowering,BNF,0205053A0BBABAB,Rasilez 300mg tablets
bp_lowering,BNF,0206020A0AAAAAA,Amlodipine 5mg tablets
bp_lowering,BNF,0206020A0AAABAB,Amlodipine 10mg tablets
bp_lowering,BNF,0206020A0AAACAC,Amlodipine 5mg/5ml oral liquid
bp_lowering,BNF,0206020A0AAADAD,Amlodipine 10mg/5ml oral liquid
bp_lowering,BNF,0206020A0AAAFAF,Amlodipine 50mg/5ml oral liquid
bp_lowering,BNF,0206020A0AAAJAJ,Amlodipine 2.5mg/5ml oral suspension
bp_lowering,BNF,0206020A0AAALAL,Amlodipine 5mg/5ml oral solution sugar free
bp_lowering,BNF,0206020A0AAAMAM,Amlodipine 1.5mg/5ml oral liquid
bp_lowering,BNF,0206020A0AAANAN,Amlodipine 2mg/5ml oral liquid
bp_lowering,BNF,0206020A0AAATAT,Amlodipine 10mg/5ml oral solution sugar free
bp_lowering,BNF,0206020A0AAAUAU,Amlodipine 5mg/5ml oral suspension sugar free
bp_lowering,BNF,0206020A0AAAVAV,Amlodipine 2.5mg tablets
bp_lowering,BNF,0206020A0BBAAAA,Istin 5mg tablets
bp_lowering,BNF,0206020A0BBABAB,Istin 10mg tablets
bp_lowering,BNF,0206020A0BFAAAA,Amlostin 5mg tablets
bp_lowering,BNF,0206020A0BFABAB,Amlostin 10mg tablets
bp_lowering,BNF,0206020B0AAAAAA,Trimetazidine 20mg tablets
bp_lowering,BNF,0206020B0AAABAB,Trimetazidine 35mg modified-release tablets
bp_lowering,BNF,0206020B0BBAAAA,Vastarel 20mg tablets
bp_lowering,BNF,0206020B0BBABAB,Vastarel MR 35mg tablets
bp_lowering,BNF,0206020C0AAAAAA,Diltiazem 60mg modified-release tablets
bp_lowering,BNF,0206020C0AAACAC,Diltiazem 90mg modified-release tablets
bp_lowering,BNF,0206020C0AAAEAE,Diltiazem 300mg modified-release capsules
bp_lowering,BNF,0206020C0AAAJAJ,Diltiazem 60mg modified-release capsules
bp_lowering,BNF,0206020C0AAARAR,Diltiazem 60mg/5ml oral solution
bp_lowering,BNF,0206020C0AAASAS,Diltiazem 120mg modified-release tablets
bp_lowering,BNF,0206020C0AAATAT,Diltiazem 90mg modified-release capsules
bp_lowering,BNF,0206020C0AAAUAU,Diltiazem 120mg modified-release capsules
bp_lowering,BNF,0206020C0AAAVAV,Diltiazem 180mg modified-release capsules
bp_lowering,BNF,0206020C0AAAWAW,Diltiazem 240mg modified-release capsules
bp_lowering,BNF,0206020C0AAAXAX,Diltiazem 200mg modified-release capsules
bp_lowering,BNF,0206020C0AABABA,Diltiazem 360mg modified-release capsules
bp_lowering,BNF,0206020C0AABHBH,Diltiazem 10mg/5ml oral solution
bp_lowering,BNF,0206020C0AABIBI,Diltiazem 60mg/5ml oral suspension
bp_lowering,BNF,0206020C0BBAAAA,Tildiem 60mg modified-release tablets
bp_lowering,BNF,0206020C0BBABAC,Tildiem Retard 90mg tablets
bp_lowering,BNF,0206020C0BBACAS,Tildiem Retard 120mg tablets
bp_lowering,BNF,0206020C0BBADAE,Tildiem LA 300 capsules
bp_lowering,BNF,0206020C0BBAEAX,Tildiem LA 200 capsules
bp_lowering,BNF,0206020C0BCACAC,Calcicard CR 90mg tablets
bp_lowering,BNF,0206020C0BFAAAS,Adizem-SR 120mg tablets
bp_lowering,BNF,0206020C0BFACAT,Adizem-SR 90mg capsules
bp_lowering,BNF,0206020C0BFADAU,Adizem-SR 120mg capsules
bp_lowering,BNF,0206020C0BFAEAV,Adizem-SR 180mg capsules
bp_lowering,BNF,0206020C0BFAFAE,Adizem-XL 300mg capsules
bp_lowering,BNF,0206020C0BFAGAU,Adizem-XL 120mg capsules
bp_lowering,BNF,0206020C0BFAHAV,Adizem-XL 180mg capsules
bp_lowering,BNF,0206020C0BFAIAW,Adizem-XL 240mg capsules
bp_lowering,BNF,0206020C0BFAJAX,Adizem-XL 200mg capsules
bp_lowering,BNF,0206020C0BHAAAJ,Dilzem SR 60 capsules
bp_lowering,BNF,0206020C0BHABAT,Dilzem SR 90 capsules
bp_lowering,BNF,0206020C0BHACAU,Dilzem SR 120 capsules
bp_lowering,BNF,0206020C0BHADAU,Dilzem XL 120 capsules
bp_lowering,BNF,0206020C0BHAEAV,Dilzem XL 180 capsules
bp_lowering,BNF,0206020C0BHAFAW,Dilzem XL 240 capsules
bp_lowering,BNF,0206020C0BIAAAU,Slozem 120mg capsules
bp_lowering,BNF,0206020C0BIABAV,Slozem 180mg capsules
bp_lowering,BNF,0206020C0BIACAW,Slozem 240mg capsules
bp_lowering,BNF,0206020C0BIADAE,Slozem 300mg capsules
bp_lowering,BNF,0206020C0BJAAAT,Angitil SR 90 capsules
bp_lowering,BNF,0206020C0BJABAU,Angitil SR 120 capsules
bp_lowering,BNF,0206020C0BJACAV,Angitil SR 180 capsules
bp_lowering,BNF,0206020C0BJADAW,Angitil XL 240 capsules
bp_lowering,BNF,0206020C0BJAEAE,Angitil XL 300 capsules
bp_lowering,BNF,0206020C0BMAAAE,Zemtard 300 XL capsules
bp_lowering,BNF,0206020C0BMABAU,Zemtard 120 XL capsules
bp_lowering,BNF,0206020C0BMACAV,Zemtard 180 XL capsules
bp_lowering,BNF,0206020C0BMADAW,Zemtard 240 XL capsules
bp_lowering,BNF,0206020C0BNAAAU,Viazem XL 120mg capsules
bp_lowering,BNF,0206020C0BNABAV,Viazem XL 180mg capsules
bp_lowering,BNF,0206020C0BNACAW,Viazem XL 240mg capsules
bp_lowering,BNF,0206020C0BNADAE,Viazem XL 300mg capsules
bp_lowering,BNF,0206020C0BNAEBA,Viazem XL 360mg capsules
bp_lowering,BNF,0206020C0BPAAAT,Dilcardia SR 90mg capsules
bp_lowering,BNF,0206020C0BPABAU,Dilcardia SR 120mg capsules
bp_lowering,BNF,0206020C0BPACAJ,Dilcardia SR 60mg capsules
bp_lowering,BNF,0206020C0BRAAAJ,Bi-Carzem SR 60mg capsules
bp_lowering,BNF,0206020C0BRABAT,Bi-Carzem SR 90mg capsules
bp_lowering,BNF,0206020C0BRACAU,Bi-Carzem SR 120mg capsules
bp_lowering,BNF,0206020C0BRAEAE,Bi-Carzem XL 300mg capsules
bp_lowering,BNF,0206020C0BTAAAA,Retalzem 60 modified-release tablets
bp_lowering,BNF,0206020C0BVAAAV,Zemret 180 XL capsules
bp_lowering,BNF,0206020C0BVABAW,Zemret 240 XL capsules
bp_lowering,BNF,0206020C0BVACAE,Zemret 300 XL capsules
bp_lowering,BNF,0206020C0BWAEAJ,Disogram SR 60mg capsules
bp_lowering,BNF,0206020C0BYAAAJ,Kenzem SR 60mg capsules
bp_lowering,BNF,0206020C0BYABAT,Kenzem SR 90mg capsules
bp_lowering,BNF,0206020C0BYACAU,Kenzem SR 120mg capsules
bp_lowering,BNF,0206020C0BZABAU,Uard 120XL capsules
bp_lowering,BNF,0206020C0BZACAV,Uard 180XL capsules
bp_lowering,BNF,0206020F0AAABAB,Felodipine 5mg modified-release tablets
bp_lowering,BNF,0206020F0AAACAC,Felodipine 10mg modified-release tablets
bp_lowering,BNF,0206020F0AAADAD,Felodipine 2.5mg modified-release tablets
bp_lowering,BNF,0206020F0AAAEAE,Felodipine 2.5mg modified-release tablets (old)
bp_lowering,BNF,0206020F0AAAGAG,Felodipine 2.5mg/5ml oral solution
bp_lowering,BNF,0206020F0AAAHAH,Felodipine 5mg/5ml oral solution
bp_lowering,BNF,0206020F0BBAAAB,Plendil 5mg modified-release tablets
bp_lowering,BNF,0206020F0BBABAC,Plendil 10mg modified-release tablets
bp_lowering,BNF,0206020F0BBACAD,Plendil 2.5mg modified-release tablets
bp_lowering,BNF,0206020F0BDABAD,Cabren 2.5mg modified-release tablets
bp_lowering,BNF,0206020F0BDACAC,Cabren 10mg modified-release tablets
bp_lowering,BNF,0206020F0BEAAAB,Felotens XL 5mg tablets
bp_lowering,BNF,0206020F0BEABAC,Felotens XL 10mg tablets
bp_lowering,BNF,0206020F0BEACAD,Felotens XL 2.5mg tablets
bp_lowering,BNF,0206020F0BFAAAB,Felogen XL 5mg tablets
bp_lowering,BNF,0206020F0BFABAC,Felogen XL 10mg tablets
bp_lowering,BNF,0206020F0BGAAAB,Folpik XL 5mg tablets
bp_lowering,BNF,0206020F0BGABAC,Folpik XL 10mg tablets
bp_lowering,BNF,0206020F0BGACAD,Folpik XL 2.5mg tablets
bp_lowering,BNF,0206020F0BGADAD,Folpik XL 2.5mg tablets (NorthStar)
bp_lowering,BNF,0206020F0BIAAAB,Vascalpha 5mg modified-release tablets (Accord)
bp_lowering,BNF,0206020F0BIABAC,Vascalpha 10mg modified-release tablets (Accord)
bp_lowering,BNF,0206020F0BIACAB,Vascalpha 5mg modified-release tablets (Almus)
bp_lowering,BNF,0206020F0BIADAC,Vascalpha 10mg modified-release tablets (Almus)
bp_lowering,BNF,0206020F0BIAEAB,Vascalpha 5mg modified-release tablets (NorthStar)
bp_lowering,BNF,0206020F0BIAFAC,Vascalpha 10mg modified-release tablets (NorthStar)
bp_lowering,BNF,0206020F0BJAAAB,Parmid XL 5mg tablets
bp_lowering,BNF,0206020F0BJABAC,Parmid XL 10mg tablets
bp_lowering,BNF,0206020F0BJACAD,Parmid XL 2.5mg tablets
bp_lowering,BNF,0206020F0BKAAAB,Cardioplen XL 5mg tablets
bp_lowering,BNF,0206020F0BKABAC,Cardioplen XL 10mg tablets
bp_lowering,BNF,0206020F0BKACAD,Cardioplen XL 2.5mg tablets
bp_lowering,BNF,0206020F0BLAAAB,Neofel XL 5mg tablets
bp_lowering,BNF,0206020F0BLABAC,Neofel XL 10mg tablets
bp_lowering,BNF,0206020F0BLACAD,Neofel XL 2.5mg tablets (Kent Pharm)
bp_lowering,BNF,0206020F0BLADAD,Neofel XL 2.5mg tablets (Actavis)
bp_lowering,BNF,0206020F0BLAEAD,Neofel XL 2.5mg tablets (Almus)
bp_lowering,BNF,0206020F0BMAAAC,Pinefeld XL 10mg tablets
bp_lowering,BNF,0206020F0BNAAAB,Delofine XL 5mg tablets
bp_lowering,BNF,0206020F0BNABAC,Delofine XL 10mg tablets
bp_lowering,BNF,0206020F0BNACAD,Delofine XL 2.5mg tablets
bp_lowering,BNF,0206020I0AAAAAA,Isradipine 2.5mg tablets
bp_lowering,BNF,0206020K0AAAAAA,Lacidipine 2mg tablets
bp_lowering,BNF,0206020K0AAABAB,Lacidipine 4mg tablets
bp_lowering,BNF,0206020K0AAAEAE,Lacidipine 6mg tablets
bp_lowering,BNF,0206020K0BBAAAA,Motens 2mg tablets
bp_lowering,BNF,0206020K0BBABAB,Motens 4mg tablets
bp_lowering,BNF,0206020K0BDAAAB,Molap 4mg tablets
bp_lowering,BNF,0206020L0AAAAAA,Lercanidipine 10mg tablets
bp_lowering,BNF,0206020L0AAABAB,Lercanidipine 20mg tablets
bp_lowering,BNF,0206020L0BBAAAA,Zanidip 10mg tablets
bp_lowering,BNF,0206020L0BBABAB,Zanidip 20mg tablets
bp_lowering,BNF,0206020M0AAABAB,Nimodipine 30mg tablets
bp_lowering,BNF,0206020M0BBABAB,Nimotop 30mg tablets
bp_lowering,BNF,0206020Q0AAAAAA,Nicardipine 20mg capsules
bp_lowering,BNF,0206020Q0AAABAB,Nicardipine 30mg capsules
bp_lowering,BNF,0206020Q0AAACAC,Nicardipine 30mg modified-release capsules
bp_lowering,BNF,0206020Q0AAADAD,Nicardipine 45mg modified-release capsules
bp_lowering,BNF,0206020Q0BBAAAA,Cardene 20mg capsules
bp_lowering,BNF,0206020Q0BBABAB,Cardene 30mg capsules
bp_lowering,BNF,0206020Q0BBACAC,Cardene SR 30mg capsules
bp_lowering,BNF,0206020Q0BBADAD,Cardene SR 45mg capsules
bp_lowering,BNF,0206020R0AAAAAA,Nifedipine 5mg capsules
bp_lowering,BNF,0206020R0AAABAB,Nifedipine 10mg capsules
bp_lowering,BNF,0206020R0AAAEAE,Nifedipine 10mg modified-release tablets
bp_lowering,BNF,0206020R0AAAHAH,Nifedipine 20mg modified-release capsules
bp_lowering,BNF,0206020R0AAAMAM,Nifedipine 10mg modified-release capsules
bp_lowering,BNF,0206020R0AAANAN,Nifedipine 30mg modified-release tablets
bp_lowering,BNF,0206020R0AAAPAP,Nifedipine 60mg modified-release tablets
bp_lowering,BNF,0206020R0AAARAR,Nifedipine 20mg modified-release tablets
bp_lowering,BNF,0206020R0AAASAS,Nifedipine 20mg/ml oral drops
bp_lowering,BNF,0206020R0AAAUAU,Nifedipine 100mg/5ml oral suspension
bp_lowering,BNF,0206020R0AAAXAX,Nifedipine 40mg modified-release tablets
bp_lowering,BNF,0206020R0AABCBC,Nifedipine 25mg/5ml oral suspension
bp_lowering,BNF,0206020R0AABEBE,Nifedipine 30mg modified-release capsules
bp_lowering,BNF,0206020R0AABFBF,Nifedipine 60mg modified-release capsules
bp_lowering,BNF,0206020R0AABKBK,Nifedipine 2.5mg/5ml oral suspension
bp_lowering,BNF,0206020R0AABQBQ,Nifedipine 10mg/5ml oral suspension
bp_lowering,BNF,0206020R0AABRBR,Nifedipine 5mg/5ml oral suspension
bp_lowering,BNF,0206020R0BBAAAA,Adalat 5mg capsules
bp_lowering,BNF,0206020R0BBABAB,Adalat 10mg capsules
bp_lowering,BNF,0206020R0BBAFAR,Adalat retard 20mg tablets
bp_lowering,BNF,0206020R0BBAGAE,Adalat retard 10mg tablets
bp_lowering,BNF,0206020R0BBAHAN,Adalat LA 30mg tablets
bp_lowering,BNF,0206020R0BBAIAP,Adalat LA 60mg tablets
bp_lowering,BNF,0206020R0BBAJAR,Adalat LA 20mg tablets
bp_lowering,BNF,0206020R0BGAAAH,Coracten SR 20mg capsules
bp_lowering,BNF,0206020R0BGABAM,Coracten SR 10mg capsules
bp_lowering,BNF,0206020R0BGACBE,Coracten XL 30mg capsules
bp_lowering,BNF,0206020R0BGADBF,Coracten XL 60mg capsules
bp_lowering,BNF,0206020R0BHAEAE,Angiopine MR 10mg tablets
bp_lowering,BNF,0206020R0BKADAE,Kentipine MR 10 tablets
bp_lowering,BNF,0206020R0BLAAAR,Cardilate MR 20mg tablets
bp_lowering,BNF,0206020R0BLABAE,Cardilate MR 10mg tablets
bp_lowering,BNF,0206020R0BQACAE,Hypolar Retard 10mg tablets
bp_lowering,BNF,0206020R0BRAAAR,Adipine MR 20 tablets
bp_lowering,BNF,0206020R0BRABAE,Adipine MR 10 tablets
bp_lowering,BNF,0206020R0BRACAN,Adipine XL 30mg tablets
bp_lowering,BNF,0206020R0BRADAP,Adipine XL 60mg tablets
bp_lowering,BNF,0206020R0BTAAAS,Nifedipin-ratiopharm 20mg/ml oral drops
bp_lowering,BNF,0206020R0BWAAAE,Tensipine MR 10 tablets
bp_lowering,BNF,0206020R0BWABAR,Tensipine MR 20 tablets
bp_lowering,BNF,0206020R0BXAAAX,Fortipine LA 40 tablets
bp_lowering,BNF,0206020R0CBAAAE,Nifedipress MR 10 tablets (Dexcel-Pharma)
bp_lowering,BNF,0206020R0CBABAR,Nifedipress MR 20 tablets (Dexcel-Pharma)
bp_lowering,BNF,0206020R0CBACAE,Nifedipress MR 10 tablets (Teva)
bp_lowering,BNF,0206020R0CBADAR,Nifedipress MR 20 tablets (Actavis)
bp_lowering,BNF,0206020R0CBAEAR,Nifedipress MR 20 tablets (Teva)
bp_lowering,BNF,0206020R0CEAAAR,Nifopress Retard 20mg tablets
bp_lowering,BNF,0206020R0CEABAR,Nifopress MR 20mg tablets
bp_lowering,BNF,0206020R0CFAAAR,Valni 20 Retard tablets
bp_lowering,BNF,0206020R0CFABAN,Valni XL 30mg tablets
bp_lowering,BNF,0206020R0CFACAP,Valni XL 60mg tablets
bp_lowering,BNF,0206020R0CGAAAE,Calchan MR 10 tablets
bp_lowering,BNF,0206020R0CGABAR,Calchan MR 20 tablets
bp_lowering,BNF,0206020R0CHAAAN,Neozipine XL 30mg tablets
bp_lowering,BNF,0206020R0CHABAP,Neozipine XL 60mg tablets
bp_lowering,BNF,0206020R0CIAAAN,Adanif XL 30mg tablets
bp_lowering,BNF,0206020R0CIABAP,Adanif XL 60mg tablets
bp_lowering,BNF,0206020R0CJAAAN,Nidef 30mg modified-release tablets
bp_lowering,BNF,0206020R0CJABAP,Nidef 60mg modified-release tablets
bp_lowering,BNF,0206020R0CKAAAR,Dexipress MR 20mg tablets
bp_lowering,BNF,0206020T0AAAAAA,Verapamil 5mg/2ml solution for injection ampoules
bp_lowering,BNF,0206020T0AAACAC,Verapamil 40mg tablets
bp_lowering,BNF,0206020T0AAADAD,Verapamil 80mg tablets
bp_lowering,BNF,0206020T0AAAFAF,Verapamil 120mg tablets
bp_lowering,BNF,0206020T0AAAGAG,Verapamil 160mg tablets
bp_lowering,BNF,0206020T0AAAHAH,Verapamil 240mg modified-release tablets
bp_lowering,BNF,0206020T0AAAIAI,Verapamil 120mg modified-release capsules
bp_lowering,BNF,0206020T0AAAJAJ,Verapamil 180mg modified-release capsules
bp_lowering,BNF,0206020T0AAAKAK,Verapamil 240mg modified-release capsules
bp_lowering,BNF,0206020T0AAAUAU,Verapamil 120mg modified-release tablets
bp_lowering,BNF,0206020T0AAAVAV,Verapamil 40mg/5ml oral solution sugar free
bp_lowering,BNF,0206020T0AAAZAZ,Verapamil 40mg/5ml oral liquid
bp_lowering,BNF,0206020T0AABIBI,Verapamil 120mg modified-release tablets (old)
bp_lowering,BNF,0206020T0BCAAAC,Cordilox 40mg tablets
bp_lowering,BNF,0206020T0BCAFAH,Cordilox MR 240mg tablets
bp_lowering,BNF,0206020T0BDACAF,Securon 120mg tablets
bp_lowering,BNF,0206020T0BDAEAH,Securon SR 240mg tablets
bp_lowering,BNF,0206020T0BDAGAU,Half Securon SR 120mg tablets
bp_lowering,BNF,0206020T0BDAIAA,Securon IV 5mg/2ml solution for injection ampoules
bp_lowering,BNF,0206020T0BFAAAI,Univer 120mg modified-release capsules
bp_lowering,BNF,0206020T0BFABAJ,Univer 180mg modified-release capsules
bp_lowering,BNF,0206020T0BFACAK,Univer 240mg modified-release capsules
bp_lowering,BNF,0206020T0BHAAAH,Verapress MR 240mg tablets (Dexcel-Pharma)
bp_lowering,BNF,0206020T0BHABAH,Verapress MR 240mg tablets (Sandoz)
bp_lowering,BNF,0206020T0BHACAH,Verapress MR 240mg tablets (Actavis)
bp_lowering,BNF,0206020T0BHADAH,Verapress MR 240mg tablets (Teva)
bp_lowering,BNF,0206020T0BJAAAH,Vertab SR 240 tablets
bp_lowering,BNF,0206020T0BKAAAV,Zolvera 40mg/5ml oral solution
bp_lowering,BNF,0206020T0BMAAAU,Vera-Til SR 120mg tablets (Tillomed)
bp_lowering,BNF,0206020T0BMABAH,Vera-Til SR 240mg tablets (Tillomed)
bp_lowering,BNF,0206020T0BMACAH,Vera-Til SR 240mg tablets (Accord Healthcare Ltd)
bp_lowering,BNF,0206020T0BMADAU,Vera-Til SR 120mg tablets (Accord Healthcare Ltd)
bp_lowering,BNF,0206020Z0AAAAAA,Amlodipine 5mg / Valsartan 80mg tablets
bp_lowering,BNF,0206020Z0AAABAB,Amlodipine 5mg / Valsartan 160mg tablets
bp_lowering,BNF,0206020Z0AAACAC,Amlodipine 10mg / Valsartan 160mg tablets
bp_lowering,BNF,0206020Z0BBAAAA,Exforge 5mg/80mg tablets
bp_lowering,BNF,0206020Z0BBABAB,Exforge 5mg/160mg tablets
bp_lowering,BNF,0206020Z0BBACAC,Exforge 10mg/160mg tablets
insulin,BNF,0601011A0AAAAAA,Insulin aspart 100units/ml solution for injection 10ml vials
insulin,BNF,0601011A0AAAAAA,Insulin aspart 100units/ml solution for injection 10ml vials
insulin,BNF,0601011A0AAABAB,Insulin aspart 100units/ml inj 3ml cartridges
insulin,BNF,0601011A0AAABAB,Insulin aspart 100units/ml inj 3ml cartridges
insulin,BNF,0601011A0AAACAC,Insulin aspart 100units/ml inj 3ml pf dispos dev
insulin,BNF,0601011A0AAACAC,Insulin aspart 100units/ml inj 3ml pf dispos dev
insulin,BNF,0601011A0AAADAD,Insulin aspart 100units/ml inj 1.6ml cartridges
insulin,BNF,0601011A0AAADAD,Insulin aspart 100units/ml inj 1.6ml cartridges
insulin,BNF,0601011A0BBAAAA,NovoRapid 100units/ml solution for injection 10ml vials
insulin,BNF,0601011A0BBAAAA,NovoRapid 100units/ml solution for injection 10ml vials
insulin,BNF,0601011A0BBABAB,NovoRapid Penfill 100units/ml inj 3ml cartridges
insulin,BNF,0601011A0BBABAB,NovoRapid Penfill 100units/ml inj 3ml cartridges
insulin,BNF,0601011A0BBACAC,NovoRapid Novolet 100units/ml solution for injection
insulin,BNF,0601011A0BBACAC,NovoRapid Novolet 100units/ml solution for injection
insulin,BNF,0601011A0BBADAC,NovoRapid FlexPen 100units/ml inj 3ml pre-filled pens
insulin,BNF,0601011A0BBADAC,NovoRapid FlexPen 100units/ml inj 3ml pre-filled pens
insulin,BNF,0601011A0BBAEAC,NovoRapid FlexTouch 100units/ml inj 3ml pre-filled pens
insulin,BNF,0601011A0BBAEAC,NovoRapid FlexTouch 100units/ml inj 3ml pre-filled pens
insulin,BNF,0601011A0BBAFAD,NovoRapid PumpCart 100units/ml inj 1.6ml cartridges
insulin,BNF,0601011A0BBAFAD,NovoRapid PumpCart 100units/ml inj 1.6ml cartridges
insulin,BNF,0601011A0BCAAAC,Fiasp FlexTouch 100units/ml inj 3ml pre-filled pens
insulin,BNF,0601011A0BCAAAC,Fiasp FlexTouch 100units/ml inj 3ml pre-filled pens
insulin,BNF,0601011A0BCABAB,Fiasp Penfill 100units/ml inj 3ml cartridges
insulin,BNF,0601011A0BCABAB,Fiasp Penfill 100units/ml inj 3ml cartridges
insulin,BNF,0601011A0BCACAA,Fiasp 100units/ml solution for injection 10ml vials
insulin,BNF,0601011A0BCACAA,Fiasp 100units/ml solution for injection 10ml vials
insulin,BNF,0601011A0BDAAAB,Trurapi 100units/ml solution for injection 3ml cartridges
insulin,BNF,0601011A0BDAAAB,Trurapi 100units/ml solution for injection 3ml cartridges
insulin,BNF,0601011A0BDABAC,Trurapi 100units/ml inj 3ml pre-filled Solostar pens
insulin,BNF,0601011A0BDABAC,Trurapi 100units/ml inj 3ml pre-filled Solostar pens
insulin,BNF,0601011A0BDACAA,Trurapi 100units/ml solution for injection 10ml vial
insulin,BNF,0601011A0BDACAA,Trurapi 100units/ml solution for injection 10ml vial
insulin,BNF,0601011L0AAABAB,Insulin lispro 100units/ml solution for injection 10ml vials
insulin,BNF,0601011L0AAABAB,Insulin lispro 100units/ml solution for injection 10ml vials
insulin,BNF,0601011L0AAACAC,Insulin lispro 100units/ml inj 3ml cartridges
insulin,BNF,0601011L0AAACAC,Insulin lispro 100units/ml inj 3ml cartridges
insulin,BNF,0601011L0AAAFAF,Insulin lispro 100units/ml inj 3ml pf dispos dev
insulin,BNF,0601011L0AAAFAF,Insulin lispro 100units/ml inj 3ml pf dispos dev
insulin,BNF,0601011L0AAAGAG,Insulin lispro 200units/ml  inj 3ml pf dispos dev
insulin,BNF,0601011L0AAAGAG,Insulin lispro 200units/ml  inj 3ml pf dispos dev
insulin,BNF,0601011L0BBABAB,Humalog 100units/ml solution for injection 10ml vials
insulin,BNF,0601011L0BBABAB,Humalog 100units/ml solution for injection 10ml vials
insulin,BNF,0601011L0BBACAC,Humalog 100units/ml solution for injection 3ml cartridges
insulin,BNF,0601011L0BBACAC,Humalog 100units/ml solution for injection 3ml cartridges
insulin,BNF,0601011L0BBAFAF,Humalog Pen 100units/ml inj 3ml pre-filled pens
insulin,BNF,0601011L0BBAFAF,Humalog Pen 100units/ml inj 3ml pre-filled pens
insulin,BNF,0601011L0BBAGAF,Humalog KwikPen 100units/ml inj 3ml pre-filled pens
insulin,BNF,0601011L0BBAGAF,Humalog KwikPen 100units/ml inj 3ml pre-filled pens
insulin,BNF,0601011L0BBAHAG,Humalog KwikPen 200units/ml inj 3ml pre-filled pens
insulin,BNF,0601011L0BBAHAG,Humalog KwikPen 200units/ml inj 3ml pre-filled pens
insulin,BNF,0601011L0BBAIAF,Humalog Junior KwikPen 100units/ml inj 3ml pre-filled pens
insulin,BNF,0601011L0BBAIAF,Humalog Junior KwikPen 100units/ml inj 3ml pre-filled pens
insulin,BNF,0601011L0BBAJAF,Humalog Tempo Pen 100units/ml inj 3ml pre-filled pens
insulin,BNF,0601011L0BBAJAF,Humalog Tempo Pen 100units/ml inj 3ml pre-filled pens
insulin,BNF,0601011L0BCAAAB,Insulin lispro Sanofi 100units/ml inj 10ml vials
insulin,BNF,0601011L0BCAAAB,Insulin lispro Sanofi 100units/ml inj 10ml vials
insulin,BNF,0601011L0BCABAC,Insulin lispro Sanofi 100units/ml inj 3ml cartridges
insulin,BNF,0601011L0BCABAC,Insulin lispro Sanofi 100units/ml inj 3ml cartridges
insulin,BNF,0601011L0BCACAF,Insulin lispro Sanofi 100units/ml inj 3ml pre-filled pens
insulin,BNF,0601011L0BCACAF,Insulin lispro Sanofi 100units/ml inj 3ml pre-filled pens
insulin,BNF,0601011L0BDAAAG,Lyumjev KwikPen 200units/ml inj 3ml pre-filled pens
insulin,BNF,0601011L0BDAAAG,Lyumjev KwikPen 200units/ml inj 3ml pre-filled pens
insulin,BNF,0601011L0BDABAB,Lyumjev 100units/ml solution for injection 10ml vials
insulin,BNF,0601011L0BDABAB,Lyumjev 100units/ml solution for injection 10ml vials
insulin,BNF,0601011L0BDACAC,Lyumjev 100units/ml solution for injection 3ml cartridges
insulin,BNF,0601011L0BDACAC,Lyumjev 100units/ml solution for injection 3ml cartridges
insulin,BNF,0601011L0BDADAF,Lyumjev KwikPen 100units/ml inj 3ml pre-filled pens
insulin,BNF,0601011L0BDADAF,Lyumjev KwikPen 100units/ml inj 3ml pre-filled pens
insulin,BNF,0601011L0BDAEAF,Lyumjev Junior KwikPen 100units/ml inj 3ml pre-filled pens
insulin,BNF,0601011L0BDAEAF,Lyumjev Junior KwikPen 100units/ml inj 3ml pre-filled pens
insulin,BNF,0601011L0BDAFAF,Lyumjev Tempo Pen 100units/ml inj 3ml pre-filled pens
insulin,BNF,0601011L0BDAFAF,Lyumjev Tempo Pen 100units/ml inj 3ml pre-filled pens
insulin,BNF,0601011L0BEAAAC,Admelog 100units/ml solution for injection 3ml cartridges
insulin,BNF,0601011L0BEAAAC,Admelog 100units/ml solution for injection 3ml cartridges
insulin,BNF,0601011L0BEABAB,Admelog 100units/ml solution for injection 10ml vials
insulin,BNF,0601011L0BEABAB,Admelog 100units/ml solution for injection 10ml vials
insulin,BNF,0601011L0BEACAF,Admelog 100units/ml inj 3ml pre-filled pens
insulin,BNF,0601011L0BEACAF,Admelog 100units/ml inj 3ml pre-filled pens
insulin,BNF,0601011N0AAAAAA,Insulin soluble bovine 100units/ml inj 10ml vials
insulin,BNF,0601011N0AAAAAA,Insulin soluble bovine 100units/ml inj 10ml vials
insulin,BNF,0601011N0AAACAC,Insulin soluble porcine 100units/ml inj 10ml vials
insulin,BNF,0601011N0AAACAC,Insulin soluble porcine 100units/ml inj 10ml vials
insulin,BNF,0601011N0AAALAL,Insulin soluble human 100units/ml inj 10ml vials
insulin,BNF,0601011N0AAALAL,Insulin soluble human 100units/ml inj 10ml vials
insulin,BNF,0601011N0AAAPAP,Insulin soluble human 100units/ml inj 3ml cartridges
insulin,BNF,0601011N0AAAPAP,Insulin soluble human 100units/ml inj 3ml cartridges
insulin,BNF,0601011N0AAAZAZ,Insulin soluble porcine 100units/ml inj 3ml cartridges
insulin,BNF,0601011N0AAAZAZ,Insulin soluble porcine 100units/ml inj 3ml cartridges
insulin,BNF,0601011N0BCAAAA,Hypurin Bovine Neutral 100units/ml inj 10ml vials
insulin,BNF,0601011N0BCAAAA,Hypurin Bovine Neutral 100units/ml inj 10ml vials
insulin,BNF,0601011N0BCAEAC,Hypurin Porcine Neutral 100units/ml inj 10ml vials
insulin,BNF,0601011N0BCAEAC,Hypurin Porcine Neutral 100units/ml inj 10ml vials
insulin,BNF,0601011N0BCAGAY,Hypurin Bovine Neutral 100units/ml inj 3ml cartridges
insulin,BNF,0601011N0BCAGAY,Hypurin Bovine Neutral 100units/ml inj 3ml cartridges
insulin,BNF,0601011N0BCAHAZ,Hypurin Porcine Neutral 100units/ml inj 3ml cartridges
insulin,BNF,0601011N0BCAHAZ,Hypurin Porcine Neutral 100units/ml inj 3ml cartridges
insulin,BNF,0601011N0BFAEAL,Actrapid 100units/ml solution for injection 10ml vials
insulin,BNF,0601011N0BFAEAL,Actrapid 100units/ml solution for injection 10ml vials
insulin,BNF,0601011N0BHAAAL,Humulin S 100units/ml solution for injection 10ml vials
insulin,BNF,0601011N0BHAAAL,Humulin S 100units/ml solution for injection 10ml vials
insulin,BNF,0601011N0BHADAP,Humulin S 100units/ml solution for injection 3ml cartridges
insulin,BNF,0601011N0BHADAP,Humulin S 100units/ml solution for injection 3ml cartridges
insulin,BNF,0601011N0BKABAP,Insuman Rapid 100units/ml inj 3ml cartridges
insulin,BNF,0601011N0BKABAP,Insuman Rapid 100units/ml inj 3ml cartridges
insulin,BNF,0601011P0AAAAAA,Insulin glulisine 100units/ml inj 10ml vials
insulin,BNF,0601011P0AAAAAA,Insulin glulisine 100units/ml inj 10ml vials
insulin,BNF,0601011P0AAABAB,Insulin glulisine 100units/ml inj 3ml cartridges
insulin,BNF,0601011P0AAABAB,Insulin glulisine 100units/ml inj 3ml cartridges
insulin,BNF,0601011P0AAACAC,Insulin glulisine 100units/ml inj 3ml pf dispos dev
insulin,BNF,0601011P0AAACAC,Insulin glulisine 100units/ml inj 3ml pf dispos dev
insulin,BNF,0601011P0BBAAAA,Apidra 100units/ml solution for injection 10ml vials
insulin,BNF,0601011P0BBAAAA,Apidra 100units/ml solution for injection 10ml vials
insulin,BNF,0601011P0BBABAB,Apidra 100units/ml solution for injection 3ml cartridges
insulin,BNF,0601011P0BBABAB,Apidra 100units/ml solution for injection 3ml cartridges
insulin,BNF,0601011P0BBACAC,Apidra 100units/ml inj 3ml pre-filled OptiSet pens
insulin,BNF,0601011P0BBACAC,Apidra 100units/ml inj 3ml pre-filled OptiSet pens
insulin,BNF,0601011P0BBAEAC,Apidra 100units/ml inj 3ml pre-filled SoloStar pens
insulin,BNF,0601011P0BBAEAC,Apidra 100units/ml inj 3ml pre-filled SoloStar pens
insulin,BNF,0601011R0AAACAC,Insulin human 100units/ml inj 3.15ml cartridges
insulin,BNF,0601011R0AAACAC,Insulin human 100units/ml inj 3.15ml cartridges
insulin,BNF,0601011R0AAAEAE,Insulin human 500units/ml inj 3ml pf dispos dev
insulin,BNF,0601011R0AAAEAE,Insulin human 500units/ml inj 3ml pf dispos dev
insulin,BNF,0601011R0BBABAB,Humulin R 500units/ml solution for injection 20ml vials
insulin,BNF,0601011R0BBABAB,Humulin R 500units/ml solution for injection 20ml vials
insulin,BNF,0601011R0BCAAAD,Insuman Infusat 100units/ml inj 10ml vials
insulin,BNF,0601011R0BCAAAD,Insuman Infusat 100units/ml inj 10ml vials
insulin,BNF,0601011R0BDAAAC,Insuman Infusat 100units/ml inj 3.15ml cartridges
insulin,BNF,0601011R0BDAAAC,Insuman Infusat 100units/ml inj 3.15ml cartridges
insulin,BNF,0601011R0BEAAAE,Humulin R KwikPen 500units/ml inj 3ml pre-filled pens
insulin,BNF,0601011R0BEAAAE,Humulin R KwikPen 500units/ml inj 3ml pre-filled pens
insulin,BNF,0601012ABAAAAAA,Ins glargine 100u/ml / Lixis 33mcg/ml inj 3ml pf dispos dev
insulin,BNF,0601012ABAAAAAA,Ins glargine 100u/ml / Lixis 33mcg/ml inj 3ml pf dispos dev
insulin,BNF,0601012ABAAABAB,Ins glargine 100u/ml / Lixis 50mcg/ml inj 3ml pf dispos dev
insulin,BNF,0601012ABAAABAB,Ins glargine 100u/ml / Lixis 50mcg/ml inj 3ml pf dispos dev
insulin,BNF,0601012ABBBAAAA,Suliqua 100units/ml / 33microg/ml inj 3ml pf SoloStar pens
insulin,BNF,0601012ABBBAAAA,Suliqua 100units/ml / 33microg/ml inj 3ml pf SoloStar pens
insulin,BNF,0601012ABBBABAB,Suliqua 100units/ml / 50microg/ml inj 3ml pf SoloStar pens
insulin,BNF,0601012ABBBABAB,Suliqua 100units/ml / 50microg/ml inj 3ml pf SoloStar pens
insulin,BNF,0601012D0AAAGAG,Insulin isophane biphasic human 30/70 100u/ml inj 10ml vials
insulin,BNF,0601012D0AAAGAG,Insulin isophane biphasic human 30/70 100u/ml inj 10ml vials
insulin,BNF,0601012D0AAAIAI,Insulin isophane biphas porc 30/70 100units/ml inj 10ml
insulin,BNF,0601012D0AAAIAI,Insulin isophane biphas porc 30/70 100units/ml inj 10ml
insulin,BNF,0601012D0AABABA,Insulin isophane biphasic human 30/70 100u/ml inj 3ml cart
insulin,BNF,0601012D0AABABA,Insulin isophane biphasic human 30/70 100u/ml inj 3ml cart
insulin,BNF,0601012D0AABMBM,Insulin isophane biphas hum 25/75 100units/ml inj 5ml vials
insulin,BNF,0601012D0AABMBM,Insulin isophane biphas hum 25/75 100units/ml inj 5ml vials
insulin,BNF,0601012D0AABNBN,Insulin isophane biphasic human 25/75 100u/ml inj 3ml cart
insulin,BNF,0601012D0AABNBN,Insulin isophane biphasic human 25/75 100u/ml inj 3ml cart
insulin,BNF,0601012D0AABSBS,Insulin isophane biphasic human 15/85 100u/ml inj 3ml cart
insulin,BNF,0601012D0AABSBS,Insulin isophane biphasic human 15/85 100u/ml inj 3ml cart
insulin,BNF,0601012D0AABUBU,Insulin isophane biphasic human 50/50 100u/ml inj 3ml cart
insulin,BNF,0601012D0AABUBU,Insulin isophane biphasic human 50/50 100u/ml inj 3ml cart
insulin,BNF,0601012D0AABWBW,Insulin isoph biphas hum 25/75 100u/ml inj 3ml pf dispos dev
insulin,BNF,0601012D0AABWBW,Insulin isoph biphas hum 25/75 100u/ml inj 3ml pf dispos dev
insulin,BNF,0601012D0AABYBY,Insulin isophane biphasic porcine 30/70 100u/ml inj 3ml cart
insulin,BNF,0601012D0AABYBY,Insulin isophane biphasic porcine 30/70 100u/ml inj 3ml cart
insulin,BNF,0601012D0AABZBZ,Insulin isoph biphas hum 30/70 100u/ml inj 3ml pf dispos dev
insulin,BNF,0601012D0AABZBZ,Insulin isoph biphas hum 30/70 100u/ml inj 3ml pf dispos dev
insulin,BNF,0601012D0BBACAG,Humulin M3 100units/ml suspension for injection 10ml vials
insulin,BNF,0601012D0BBACAG,Humulin M3 100units/ml suspension for injection 10ml vials
insulin,BNF,0601012D0BBASBA,Humulin M3 100units/ml inj 3ml cartridges
insulin,BNF,0601012D0BBASBA,Humulin M3 100units/ml inj 3ml cartridges
insulin,BNF,0601012D0BBAUBZ,Humulin M3 Pen 100units/ml inj 3ml pre-filled pens
insulin,BNF,0601012D0BBAUBZ,Humulin M3 Pen 100units/ml inj 3ml pre-filled pens
insulin,BNF,0601012D0BBAVBZ,Humulin M3 KwikPen 100units/ml inj 3ml pre-filled pens
insulin,BNF,0601012D0BBAVBZ,Humulin M3 KwikPen 100units/ml inj 3ml pre-filled pens
insulin,BNF,0601012D0BCALAJ,Human Mixtard 30 Penfill 100units/ml inj 1.5ml cartridges
insulin,BNF,0601012D0BCALAJ,Human Mixtard 30 Penfill 100units/ml inj 1.5ml cartridges
insulin,BNF,0601012D0BCAXA4,Human Mixtard 50 100units/ml inj 10ml vials
insulin,BNF,0601012D0BCAXA4,Human Mixtard 50 100units/ml inj 10ml vials
insulin,BNF,0601012D0BCAZAZ,Mixtard 20 Penfill 100units/ml inj 3ml cartridges
insulin,BNF,0601012D0BCAZAZ,Mixtard 20 Penfill 100units/ml inj 3ml cartridges
insulin,BNF,0601012D0BCBABA,Mixtard 30 Penfill 100units/ml inj 3ml cartridges
insulin,BNF,0601012D0BCBABA,Mixtard 30 Penfill 100units/ml inj 3ml cartridges
insulin,BNF,0601012D0BCBDBZ,Mixtard 30 InnoLet 100units/ml inj 3ml pre-filled pens
insulin,BNF,0601012D0BCBDBZ,Mixtard 30 InnoLet 100units/ml inj 3ml pre-filled pens
insulin,BNF,0601012D0BEAGAI,Hypurin Porcine 30/70 Mix 100units/ml inj 10ml vials
insulin,BNF,0601012D0BEAGAI,Hypurin Porcine 30/70 Mix 100units/ml inj 10ml vials
insulin,BNF,0601012D0BEAIBY,Hypurin Porcine 30/70 Mix 100units/ml inj 3ml cartridges
insulin,BNF,0601012D0BEAIBY,Hypurin Porcine 30/70 Mix 100units/ml inj 3ml cartridges
insulin,BNF,0601012D0BGAABM,Insuman Comb 25 100units/ml inj 5ml vials
insulin,BNF,0601012D0BGAABM,Insuman Comb 25 100units/ml inj 5ml vials
insulin,BNF,0601012D0BGABBN,Insuman Comb 25 100units/ml inj 3ml cartridges
insulin,BNF,0601012D0BGABBN,Insuman Comb 25 100units/ml inj 3ml cartridges
insulin,BNF,0601012D0BGADBS,Insuman Comb 15 100units/ml inj 3ml cartridges
insulin,BNF,0601012D0BGADBS,Insuman Comb 15 100units/ml inj 3ml cartridges
insulin,BNF,0601012D0BGAFBU,Insuman Comb 50 100units/ml inj 3ml cartridges
insulin,BNF,0601012D0BGAFBU,Insuman Comb 50 100units/ml inj 3ml cartridges
insulin,BNF,0601012D0BGAHBW,Insuman Comb 25 100units/ml inj 3ml pre-filled OptiSet pens
insulin,BNF,0601012D0BGAHBW,Insuman Comb 25 100units/ml inj 3ml pre-filled OptiSet pens
insulin,BNF,0601012D0BGAJBW,Insuman Comb 25 100units/ml inj 3ml pre-filled SoloStar pens
insulin,BNF,0601012D0BGAJBW,Insuman Comb 25 100units/ml inj 3ml pre-filled SoloStar pens
insulin,BNF,0601012F0AAAAAA,Insulin lispro biphasic 25/75 100u/ml inj 3ml pf dispos dev
insulin,BNF,0601012F0AAAAAA,Insulin lispro biphasic 25/75 100u/ml inj 3ml pf dispos dev
insulin,BNF,0601012F0AAABAB,Insulin lispro biphasic 25/75 100units/ml inj 3ml cartridges
insulin,BNF,0601012F0AAABAB,Insulin lispro biphasic 25/75 100units/ml inj 3ml cartridges
insulin,BNF,0601012F0AAACAC,Insulin lispro biphasic 50/50 100u/ml inj 3ml pf dispos dev
insulin,BNF,0601012F0AAACAC,Insulin lispro biphasic 50/50 100u/ml inj 3ml pf dispos dev
insulin,BNF,0601012F0AAADAD,Insulin lispro biphasic 50/50 100units/ml inj 3ml cartridges
insulin,BNF,0601012F0AAADAD,Insulin lispro biphasic 50/50 100units/ml inj 3ml cartridges
insulin,BNF,0601012F0AAAEAE,Insulin lispro biphasic 25/75 100units/ml inj 10ml vials
insulin,BNF,0601012F0AAAEAE,Insulin lispro biphasic 25/75 100units/ml inj 10ml vials
insulin,BNF,0601012F0BBAAAA,Humalog Mix25 Pen 100units/ml inj 3ml pre-filled pens
insulin,BNF,0601012F0BBAAAA,Humalog Mix25 Pen 100units/ml inj 3ml pre-filled pens
insulin,BNF,0601012F0BBABAB,Humalog Mix25 100units/ml inj 3ml cartridges
insulin,BNF,0601012F0BBABAB,Humalog Mix25 100units/ml inj 3ml cartridges
insulin,BNF,0601012F0BBACAC,Humalog Mix50 Pen 100units/ml inj 3ml pre-filled pens
insulin,BNF,0601012F0BBACAC,Humalog Mix50 Pen 100units/ml inj 3ml pre-filled pens
insulin,BNF,0601012F0BBADAD,Humalog Mix50 100units/ml inj 3ml cartridges
insulin,BNF,0601012F0BBADAD,Humalog Mix50 100units/ml inj 3ml cartridges
insulin,BNF,0601012F0BBAEAA,Humalog Mix25 KwikPen 100units/ml inj 3ml pre-filled pens
insulin,BNF,0601012F0BBAEAA,Humalog Mix25 KwikPen 100units/ml inj 3ml pre-filled pens
insulin,BNF,0601012F0BBAFAC,Humalog Mix50 KwikPen 100units/ml inj 3ml pre-filled pens
insulin,BNF,0601012F0BBAFAC,Humalog Mix50 KwikPen 100units/ml inj 3ml pre-filled pens
insulin,BNF,0601012F0BBAGAE,Humalog Mix25 100units/ml inj 10ml vials
insulin,BNF,0601012F0BBAGAE,Humalog Mix25 100units/ml inj 10ml vials
insulin,BNF,0601012G0BCAAAH,Hypurin Bovine Lente 100units/ml inj 10ml vials
insulin,BNF,0601012G0BCAAAH,Hypurin Bovine Lente 100units/ml inj 10ml vials
insulin,BNF,0601012S0AAABAB,Insulin isophane porcine 100units/ml inj 10ml vials
insulin,BNF,0601012S0AAABAB,Insulin isophane porcine 100units/ml inj 10ml vials
insulin,BNF,0601012S0AAADAD,Insulin isophane bovine 100units/ml inj 10ml vials
insulin,BNF,0601012S0AAADAD,Insulin isophane bovine 100units/ml inj 10ml vials
insulin,BNF,0601012S0AAAEAE,Insulin isophane human 100units/ml inj 10ml vials
insulin,BNF,0601012S0AAAEAE,Insulin isophane human 100units/ml inj 10ml vials
insulin,BNF,0601012S0AAAIAI,Insulin isophane human 100units/ml inj 3ml pf dispos dev
insulin,BNF,0601012S0AAAIAI,Insulin isophane human 100units/ml inj 3ml pf dispos dev
insulin,BNF,0601012S0AAALAL,Insulin isophane human 100units/ml inj 3ml cartridges
insulin,BNF,0601012S0AAALAL,Insulin isophane human 100units/ml inj 3ml cartridges
insulin,BNF,0601012S0AAAMAM,Insulin isophane human 100units/ml inj 1.5ml cartridges
insulin,BNF,0601012S0AAAMAM,Insulin isophane human 100units/ml inj 1.5ml cartridges
insulin,BNF,0601012S0AAAQAQ,Insulin isophane human 100units/ml inj 5ml vials
insulin,BNF,0601012S0AAAQAQ,Insulin isophane human 100units/ml inj 5ml vials
insulin,BNF,0601012S0AAATAT,Insulin isophane porcine 100units/ml inj 3ml cartridges
insulin,BNF,0601012S0AAATAT,Insulin isophane porcine 100units/ml inj 3ml cartridges
insulin,BNF,0601012S0BCAAAD,Hypurin Bovine Isophane 100units/ml inj 10ml vials
insulin,BNF,0601012S0BCAAAD,Hypurin Bovine Isophane 100units/ml inj 10ml vials
insulin,BNF,0601012S0BCAEAB,Hypurin Porcine Isophane 100units/ml inj 10ml vials
insulin,BNF,0601012S0BCAEAB,Hypurin Porcine Isophane 100units/ml inj 10ml vials
insulin,BNF,0601012S0BCAGAS,Hypurin Bovine Isophane 100units/ml inj 3ml cartridges
insulin,BNF,0601012S0BCAGAS,Hypurin Bovine Isophane 100units/ml inj 3ml cartridges
insulin,BNF,0601012S0BCAHAT,Hypurin Porcine Isophane 100units/ml inj 3ml cartridges
insulin,BNF,0601012S0BCAHAT,Hypurin Porcine Isophane 100units/ml inj 3ml cartridges
insulin,BNF,0601012S0BDAJAE,Insulatard 100units/ml suspension for injection 10ml vials
insulin,BNF,0601012S0BDAJAE,Insulatard 100units/ml suspension for injection 10ml vials
insulin,BNF,0601012S0BDAKAM,Human Insulatard Penfill 100units/ml inj 1.5ml cartridges
insulin,BNF,0601012S0BDAKAM,Human Insulatard Penfill 100units/ml inj 1.5ml cartridges
insulin,BNF,0601012S0BDALAL,Insulatard Penfill 100units/ml inj 3ml cartridges
insulin,BNF,0601012S0BDALAL,Insulatard Penfill 100units/ml inj 3ml cartridges
insulin,BNF,0601012S0BDAMAI,Insulatard InnoLet 100units/ml inj 3ml pre-filled pens
insulin,BNF,0601012S0BDAMAI,Insulatard InnoLet 100units/ml inj 3ml pre-filled pens
insulin,BNF,0601012S0BDANAI,Insulatard FlexPen 100units/ml suspension for injection
insulin,BNF,0601012S0BDANAI,Insulatard FlexPen 100units/ml suspension for injection
insulin,BNF,0601012S0BGAAAE,Humulin I 100units/ml suspension for injection 10ml vials
insulin,BNF,0601012S0BGAAAE,Humulin I 100units/ml suspension for injection 10ml vials
insulin,BNF,0601012S0BGADAL,Humulin I 100units/ml inj 3ml cartridges
insulin,BNF,0601012S0BGADAL,Humulin I 100units/ml inj 3ml cartridges
insulin,BNF,0601012S0BGAEAI,Humulin I Pen 100units/ml inj 3ml pre-filled pens
insulin,BNF,0601012S0BGAEAI,Humulin I Pen 100units/ml inj 3ml pre-filled pens
insulin,BNF,0601012S0BGAFAI,Humulin I KwikPen 100units/ml inj 3ml pre-filled pens
insulin,BNF,0601012S0BGAFAI,Humulin I KwikPen 100units/ml inj 3ml pre-filled pens
insulin,BNF,0601012S0BIAAAQ,Insuman Basal 100units/ml suspension for injection 5ml vials
insulin,BNF,0601012S0BIAAAQ,Insuman Basal 100units/ml suspension for injection 5ml vials
insulin,BNF,0601012S0BIABAL,Insuman Basal 100units/ml inj 3ml cartridges
insulin,BNF,0601012S0BIABAL,Insuman Basal 100units/ml inj 3ml cartridges
insulin,BNF,0601012S0BIACAI,Insuman Basal 100units/ml inj 3ml pre-filled OptiSet pens
insulin,BNF,0601012S0BIACAI,Insuman Basal 100units/ml inj 3ml pre-filled OptiSet pens
insulin,BNF,0601012S0BIADAI,Insuman Basal 100units/ml inj 3ml pre-filled SoloStar pens
insulin,BNF,0601012S0BIADAI,Insuman Basal 100units/ml inj 3ml pre-filled SoloStar pens
insulin,BNF,0601012U0AAAAAA,Insulin protamine zinc bovine 100units/ml inj 10ml vials
insulin,BNF,0601012U0AAAAAA,Insulin protamine zinc bovine 100units/ml inj 10ml vials
insulin,BNF,0601012U0BBAAAA,Hypurin Bovine Protamine Zinc 100units/ml inj 10ml vials
insulin,BNF,0601012U0BBAAAA,Hypurin Bovine Protamine Zinc 100units/ml inj 10ml vials
insulin,BNF,0601012V0AAAAAA,Insulin glargine 100units/ml inj 3ml cartridges
insulin,BNF,0601012V0AAAAAA,Insulin glargine 100units/ml inj 3ml cartridges
insulin,BNF,0601012V0AAABAB,Insulin glargine 100units/ml inj 10ml vials
insulin,BNF,0601012V0AAABAB,Insulin glargine 100units/ml inj 10ml vials
insulin,BNF,0601012V0AAADAD,Insulin glargine 100units/ml inj 3ml pf dispos dev
insulin,BNF,0601012V0AAADAD,Insulin glargine 100units/ml inj 3ml pf dispos dev
insulin,BNF,0601012V0AAAEAE,Insulin glargine 300units/ml inj 1.5ml pf dispos dev
insulin,BNF,0601012V0AAAEAE,Insulin glargine 300units/ml inj 1.5ml pf dispos dev
insulin,BNF,0601012V0AAAFAF,Insulin glargine 300units/ml inj 3ml pf disposable devices
insulin,BNF,0601012V0AAAFAF,Insulin glargine 300units/ml inj 3ml pf disposable devices
insulin,BNF,0601012V0BBAAAA,Lantus 100units/ml solution for injection 3ml cartridges
insulin,BNF,0601012V0BBAAAA,Lantus 100units/ml solution for injection 3ml cartridges
insulin,BNF,0601012V0BBABAB,Lantus 100units/ml solution for injection 10ml vials
insulin,BNF,0601012V0BBABAB,Lantus 100units/ml solution for injection 10ml vials
insulin,BNF,0601012V0BBACAD,Lantus 100units/ml inj 3ml pre-filled OptiSet pens
insulin,BNF,0601012V0BBACAD,Lantus 100units/ml inj 3ml pre-filled OptiSet pens
insulin,BNF,0601012V0BBAEAD,Lantus 100units/ml inj 3ml pre-filled SoloStar pens
insulin,BNF,0601012V0BBAEAD,Lantus 100units/ml inj 3ml pre-filled SoloStar pens
insulin,BNF,0601012V0BCAAAE,Toujeo 300units/ml inj 1.5ml pre-filled SoloStar pens
insulin,BNF,0601012V0BCAAAE,Toujeo 300units/ml inj 1.5ml pre-filled SoloStar pens
insulin,BNF,0601012V0BCABAF,Toujeo 300units/ml inj 3ml pre-filled DoubleStar pens
insulin,BNF,0601012V0BCABAF,Toujeo 300units/ml inj 3ml pre-filled DoubleStar pens
insulin,BNF,0601012V0BDABAA,Abasaglar 100units/ml solution for injection 3ml cartridges
insulin,BNF,0601012V0BDABAA,Abasaglar 100units/ml solution for injection 3ml cartridges
insulin,BNF,0601012V0BDACAD,Abasaglar KwikPen 100units/ml inj 3ml pre-filled pens
insulin,BNF,0601012V0BDACAD,Abasaglar KwikPen 100units/ml inj 3ml pre-filled pens
insulin,BNF,0601012V0BDADAD,Abasaglar Tempo Pen 100units/ml inj 3ml pre-filled pens
insulin,BNF,0601012V0BDADAD,Abasaglar Tempo Pen 100units/ml inj 3ml pre-filled pens
insulin,BNF,0601012V0BEAAAD,Semglee 100units/ml inj 3ml pre-filled pens
insulin,BNF,0601012V0BEAAAD,Semglee 100units/ml inj 3ml pre-filled pens
insulin,BNF,0601012W0AAAAAA,Insulin aspart biphasic 30/70 100units/ml inj 3ml cartridges
insulin,BNF,0601012W0AAAAAA,Insulin aspart biphasic 30/70 100units/ml inj 3ml cartridges
insulin,BNF,0601012W0AAABAB,Insulin aspart biphasic 30/70 100u/ml inj 3ml pf dispos dev
insulin,BNF,0601012W0AAABAB,Insulin aspart biphasic 30/70 100u/ml inj 3ml pf dispos dev
insulin,BNF,0601012W0BBAAAA,NovoMix 30 Penfill 100units/ml inj 3ml cartridges
insulin,BNF,0601012W0BBAAAA,NovoMix 30 Penfill 100units/ml inj 3ml cartridges
insulin,BNF,0601012W0BBABAB,NovoMix 30 FlexPen 100units/ml inj 3ml pre-filled pens
insulin,BNF,0601012W0BBABAB,NovoMix 30 FlexPen 100units/ml inj 3ml pre-filled pens
insulin,BNF,0601012X0AAAAAA,Insulin detemir 100units/ml inj 3ml cartridges
insulin,BNF,0601012X0AAAAAA,Insulin detemir 100units/ml inj 3ml cartridges
insulin,BNF,0601012X0AAABAB,Insulin detemir 100units/ml inj 3ml pf dispos dev
insulin,BNF,0601012X0AAABAB,Insulin detemir 100units/ml inj 3ml pf dispos dev
insulin,BNF,0601012X0BBAAAA,Levemir Penfill 100units/ml inj 3ml cartridges
insulin,BNF,0601012X0BBAAAA,Levemir Penfill 100units/ml inj 3ml cartridges
insulin,BNF,0601012X0BBABAB,Levemir FlexPen 100units/ml inj 3ml pre-filled pens
insulin,BNF,0601012X0BBABAB,Levemir FlexPen 100units/ml inj 3ml pre-filled pens
insulin,BNF,0601012X0BBACAB,Levemir InnoLet 100units/ml inj 3ml pre-filled pens
insulin,BNF,0601012X0BBACAB,Levemir InnoLet 100units/ml inj 3ml pre-filled pens
insulin,BNF,0601012Z0AAAAAA,Insulin degludec 100units/ml inj 3ml cartridges
insulin,BNF,0601012Z0AAAAAA,Insulin degludec 100units/ml inj 3ml cartridges
insulin,BNF,0601012Z0AAABAB,Insulin degludec 100units/ml inj 3ml pf dispos dev
insulin,BNF,0601012Z0AAABAB,Insulin degludec 100units/ml inj 3ml pf dispos dev
insulin,BNF,0601012Z0AAACAC,Insulin degludec 200units/ml inj 3ml pf dispos dev
insulin,BNF,0601012Z0AAACAC,Insulin degludec 200units/ml inj 3ml pf dispos dev
insulin,BNF,0601012Z0BBAAAA,Tresiba Penfill 100units/ml inj 3ml cartridges
insulin,BNF,0601012Z0BBAAAA,Tresiba Penfill 100units/ml inj 3ml cartridges
insulin,BNF,0601012Z0BBABAB,Tresiba FlexTouch 100units/ml inj 3ml pre-filled pens
insulin,BNF,0601012Z0BBABAB,Tresiba FlexTouch 100units/ml inj 3ml pre-filled pens
insulin,BNF,0601012Z0BBACAC,Tresiba FlexTouch 200units/ml inj 3ml pre-filled pens
insulin,BNF,0601012Z0BBACAC,Tresiba FlexTouch 200units/ml inj 3ml pre-filled pens
insulin,ICD10,Y423,Insulin and oral hypoglycaemic [antidiabetetic drugs]
insulin,ICD10,Y423,Insulin and oral hypoglycaemic [antidiabetetic drugs]
insulin,SNOMED,10329000,Zinc insulin (substance)
insulin,SNOMED,246491008,Insulin used (attribute)
insulin,SNOMED,325072002,Insulin aspart (substance)
insulin,SNOMED,412210000,Insulin lispro (substance)
insulin,SNOMED,4700006,Beef insulin (substance)
insulin,SNOMED,67296003,Pork insulin (substance)
insulin,SNOMED,67866001,Insulin (substance)
insulin,SNOMED,69805005,"Insulin pump, device (physical object)"
insulin,SNOMED,706937006,Free insulin (substance)
insulin,SNOMED,789480007,Insulin dose (observable entity)
insulin,SNOMED,96367001,Human insulin (substance)
metformin,BNF,0601022B0AAABAB,Metformin 500mg tablets
metformin,BNF,0601022B0AAADAD,Metformin 850mg tablets
metformin,BNF,0601022B0AAAIAI,Metformin 500mg/5ml oral liquid
metformin,BNF,0601022B0AAAJAJ,Metformin 850mg/5ml oral liquid
metformin,BNF,0601022B0AAAMAM,Metformin 1g/5ml oral solution
metformin,BNF,0601022B0AAANAN,Metformin 5mg/5ml oral solution
metformin,BNF,0601022B0AAAQAQ,Metformin 850mg capsules
metformin,BNF,0601022B0AAARAR,Metformin 500mg/5ml oral solution sugar free
metformin,BNF,0601022B0AAASAS,Metformin 500mg modified-release tablets
metformin,BNF,0601022B0AAATAT,Metformin 750mg modified-release tablets
metformin,BNF,0601022B0AAAVAV,Metformin 1g modified-release tablets
metformin,BNF,0601022B0AAAWAW,Metformin 500mg oral powder sachets sugar free
metformin,BNF,0601022B0AAAXAX,Metformin 1g oral powder sachets sugar free
metformin,BNF,0601022B0AAAYAY,Metformin 1g/5ml oral solution sugar free
metformin,BNF,0601022B0AAAZAZ,Metformin 850mg/5ml oral solution sugar free
metformin,BNF,0601022B0AABABA,Metformin 1g tablets
metformin,BNF,0601022B0BBAAAB,Glucophage 500mg tablets
metformin,BNF,0601022B0BBABAD,Glucophage 850mg tablets
metformin,BNF,0601022B0BBACAS,Glucophage SR 500mg tablets
metformin,BNF,0601022B0BBADAT,Glucophage SR 750mg tablets
metformin,BNF,0601022B0BBAEAV,Glucophage SR 1000mg tablets
metformin,BNF,0601022B0BIAAAS,Bolamyn SR 500mg tablets
metformin,BNF,0601022B0BIABAV,Bolamyn SR 1000mg tablets
metformin,BNF,0601022B0BJAAAS,Metabet SR 500mg tablets (Morningside)
metformin,BNF,0601022B0BJABAV,Metabet SR 1000mg tablets (Morningside)
metformin,BNF,0601022B0BJACAV,Metabet SR 1000mg tablets (Actavis)
metformin,BNF,0601022B0BJADAS,Metabet SR 500mg tablets (Actavis)
metformin,BNF,0601022B0BKAAAS,Glucient SR 500mg tablets
metformin,BNF,0601022B0BKABAT,Glucient SR 750mg tablets
metformin,BNF,0601022B0BKACAV,Glucient SR 1000mg tablets
metformin,BNF,0601022B0BLAAAS,Diagemet XL 500mg tablets
metformin,BNF,0601022B0BMAAAV,Sukkarto SR 1000mg tablets
metformin,BNF,0601022B0BMABAS,Sukkarto SR 500mg tablets
metformin,BNF,0601022B0BMACAT,Sukkarto SR 750mg tablets
metformin,BNF,0601022B0BNAAAS,Meijumet 500mg modified-release tablets
metformin,BNF,0601022B0BNABAT,Meijumet 750mg modified-release tablets
metformin,BNF,0601022B0BNACAV,Meijumet 1000mg modified-release tablets
metformin,BNF,0601022B0BPAAAS,Yaltormin SR 500mg tablets
metformin,BNF,0601022B0BPABAT,Yaltormin SR 750mg tablets
metformin,BNF,0601022B0BPACAV,Yaltormin SR 1000mg tablets
metformin,BNF,0601022B0BQAAAS,Metuxtan SR 500mg tablets
metformin,BNF,0601022B0BRAAAS,Glucorex SR 500mg tablets
metformin,BNF,0601022B0BSAAAB,Axpinet 500mg tablets
metformin,BNF,0601022B0BSABAD,Axpinet 850mg tablets
metformin,BNF,0601023ADAAAAAA,Metformin 1g / Sitagliptin 50mg tablets
metformin,BNF,0601023ADBBAAAA,Janumet 50mg/1000mg tablets
metformin,BNF,0601023AFAAAAAA,Linagliptin 2.5mg / Metformin 850mg tablets
metformin,BNF,0601023AFAAABAB,Linagliptin 2.5mg / Metformin 1g tablets
metformin,BNF,0601023AFBBAAAA,Jentadueto 2.5mg/850mg tablets
metformin,BNF,0601023AFBBABAB,Jentadueto 2.5mg/1000mg tablets
metformin,BNF,0601023AHAAAAAA,Saxagliptin 2.5mg / Metformin 850mg tablets
metformin,BNF,0601023AHAAABAB,Saxagliptin 2.5mg / Metformin 1g tablets
metformin,BNF,0601023AHBBAAAA,Komboglyze 2.5mg/850mg tablets
metformin,BNF,0601023AHBBABAB,Komboglyze 2.5mg/1000mg tablets
metformin,BNF,0601023AJAAAAAA,Alogliptin 12.5mg / Metformin 1g tablets
metformin,BNF,0601023AJBBAAAA,Vipdomet 12.5mg/1000mg tablets
metformin,BNF,0601023ALAAAAAA,Dapagliflozin 5mg / Metformin 850mg tablets
metformin,BNF,0601023ALAAABAB,Dapagliflozin 5mg / Metformin 1g tablets
metformin,BNF,0601023ALBBAAAA,Xigduo 5mg/850mg tablets
metformin,BNF,0601023ALBBABAB,Xigduo 5mg/1000mg tablets
metformin,BNF,0601023APAAAAAA,Canagliflozin 50mg / Metformin 850mg tablets
metformin,BNF,0601023APAAABAB,Canagliflozin 50mg / Metformin 1g tablets
metformin,BNF,0601023APBBAAAA,Vokanamet 50mg/850mg tablets
metformin,BNF,0601023APBBABAB,Vokanamet 50mg/1000mg tablets
metformin,BNF,0601023ARAAAAAA,Empagliflozin 5mg / Metformin 850mg tablets
metformin,BNF,0601023ARAAABAB,Empagliflozin 5mg / Metformin 1g tablets
metformin,BNF,0601023ARAAACAC,Empagliflozin 12.5mg / Metformin 850mg tablets
metformin,BNF,0601023ARAAADAD,Empagliflozin 12.5mg / Metformin 1g tablets
metformin,BNF,0601023ARBBAAAA,Synjardy 5mg/850mg tablets
metformin,BNF,0601023ARBBABAB,Synjardy 5mg/1000mg tablets
metformin,BNF,0601023ARBBACAC,Synjardy 12.5mg/850mg tablets
metformin,BNF,0601023ARBBADAD,Synjardy 12.5mg/1000mg tablets
metformin,BNF,0601023V0BBABAB,Avandamet 2mg/500mg tablets
metformin,BNF,0601023W0AAAAAA,Pioglitazone 15mg / Metformin 850mg tablets
metformin,BNF,0601023W0BBAAAA,Competact 15mg/850mg tablets
metformin,BNF,0601023Z0AAAAAA,Vildagliptin 50mg / Metformin 1g tablets
metformin,BNF,0601023Z0AAABAB,Vildagliptin 50mg / Metformin 850mg tablets
metformin,BNF,0601023Z0BBAAAA,Eucreas 50mg/1000mg tablets
metformin,BNF,0601023Z0BBABAB,Eucreas 50mg/850mg tablets
smoking_current,SNOMED,134406006,Smoking reduced (finding)
smoking_current,SNOMED,160603005,Light cigarette smoker (1-9 cigs/day) (finding)
smoking_current,SNOMED,160604004,Moderate cigarette smoker (10-19 cigs/day) (finding)
smoking_current,SNOMED,160605003,Heavy cigarette smoker (20-39 cigs/day) (finding)
smoking_current,SNOMED,160606002,Very heavy cigarette smoker (40+ cigs/day) (finding)
smoking_current,SNOMED,160612007,Keeps trying to stop smoking (finding)
smoking_current,SNOMED,160613002,Admitted tobacco consumption possibly untrue (finding)
smoking_current,SNOMED,160616005,Trying to give up smoking (finding)
smoking_current,SNOMED,160619003,Rolls own cigarettes (finding)
smoking_current,SNOMED,203191000000107,Wants to stop smoking (finding)
smoking_current,SNOMED,225934006,Smokes in bed (finding)
smoking_current,SNOMED,230056004,Cigarette consumption (observable entity)
smoking_current,SNOMED,230057008,Cigar consumption (observable entity)
smoking_current,SNOMED,230058003,Pipe tobacco consumption (observable entity)
smoking_current,SNOMED,230059006,Occasional cigarette smoker (finding)
smoking_current,SNOMED,230060001,Light cigarette smoker (finding)
smoking_current,SNOMED,230062009,Moderate cigarette smoker (finding)
smoking_current,SNOMED,230063004,Heavy cigarette smoker (finding)
smoking_current,SNOMED,230064005,Very heavy cigarette smoker (finding)
smoking_current,SNOMED,230065006,Chain smoker (finding)
smoking_current,SNOMED,266918002,Tobacco smoking consumption (observable entity)
smoking_current,SNOMED,266920004,Trivial cigarette smoker (less than one cigarette/day) (finding)
smoking_current,SNOMED,266929003,Smoking started (finding)
smoking_current,SNOMED,308438006,Smoking restarted (finding)
smoking_current,SNOMED,394871007,Thinking about stopping smoking (finding)
smoking_current,SNOMED,394872000,Ready to stop smoking (finding)
smoking_current,SNOMED,394873005,Not interested in stopping smoking (finding)
smoking_current,SNOMED,401159003,Reason for restarting smoking (observable entity)
smoking_current,SNOMED,401201003,Cigarette pack-years (observable entity)
smoking_current,SNOMED,413173009,Minutes from waking to first tobacco consumption (observable entity)
smoking_current,SNOMED,428041000124106,Occasional tobacco smoker (finding)
smoking_current,SNOMED,446172000,Failed attempt to stop smoking (finding)
smoking_current,SNOMED,449868002,Smokes tobacco daily (finding)
smoking_current,SNOMED,56578002,Moderate smoker (20 or less per day) (finding)
smoking_current,SNOMED,56771006,Heavy smoker (over 20 per day) (finding)
smoking_current,SNOMED,59978006,Cigar smoker (finding)
smoking_current,SNOMED,65568007,Cigarette smoker (finding)
smoking_current,SNOMED,77176002,Smoker (finding)
smoking_current,SNOMED,82302008,Pipe smoker (finding)
smoking_current,SNOMED,836001000000109,Waterpipe tobacco consumption (observable entity)
smoking_ex,SNOMED,1092031000000108,Ex-smoker amount unknown (finding)
smoking_ex,SNOMED,1092041000000104,Ex-very heavy smoker (40+/day) (finding)
smoking_ex,SNOMED,1092071000000105,Ex-heavy smoker (20-39/day) (finding)
smoking_ex,SNOMED,1092091000000109,Ex-moderate smoker (10-19/day) (finding)
smoking_ex,SNOMED,1092111000000104,Ex-light smoker (1-9/day) (finding)
smoking_ex,SNOMED,1092131000000107,Ex-trivial smoker (<1/day) (finding)
smoking_ex,SNOMED,160617001,Stopped smoking (finding)
smoking_ex,SNOMED,160620009,Ex-pipe smoker (finding)
smoking_ex,SNOMED,160621008,Ex-cigar smoker (finding)
smoking_ex,SNOMED,160625004,Date ceased smoking (observable entity)
smoking_ex,SNOMED,228486009,Time since stopped smoking (observable entity)
smoking_ex,SNOMED,266921000,Ex-trivial cigarette smoker (<1/day) (finding)
smoking_ex,SNOMED,266922007,Ex-light cigarette smoker (1-9/day) (finding)
smoking_ex,SNOMED,266923002,Ex-moderate cigarette smoker (10-19/day) (finding)
smoking_ex,SNOMED,266924008,Ex-heavy cigarette smoker (20-39/day) (finding)
smoking_ex,SNOMED,266925009,Ex-very heavy cigarette smoker (40+/day) (finding)
smoking_ex,SNOMED,266928006,Ex-cigarette smoker amount unknown (finding)
smoking_ex,SNOMED,281018007,Ex-cigarette smoker (finding)
smoking_ex,SNOMED,360890004,Intolerant ex-smoker (finding)
smoking_ex,SNOMED,360900008,Aggressive ex-smoker (finding)
smoking_ex,SNOMED,48031000119106,Ex-smoker for more than 1 year (finding)
smoking_ex,SNOMED,492191000000103,Ex roll-up cigarette smoker (finding)
smoking_ex,SNOMED,53896009,Tolerant ex-smoker (finding)
smoking_ex,SNOMED,735112005,Date ceased using moist tobacco (observable entity)
smoking_ex,SNOMED,735128000,Ex-smoker for less than 1 year (finding)
smoking_ex,SNOMED,8517006,Ex-smoker (finding)
smoking_never,SNOMED,221000119102,Never smoked any substance (finding)
smoking_never,SNOMED,266919005,Never smoked tobacco (finding)
statin,BNF,0212000AAAAAAAA,Rosuvastatin 10mg tablets
statin,BNF,0212000AAAAABAB,Rosuvastatin 20mg tablets
statin,BNF,0212000AAAAACAC,Rosuvastatin 40mg tablets
statin,BNF,0212000AAAAADAD,Rosuvastatin 5mg tablets
statin,BNF,0212000AAAAAEAE,Rosuvastatin 20mg/5ml oral suspension
statin,BNF,0212000AAAAAFAF,Rosuvastatin 5mg capsules
statin,BNF,0212000AAAAAGAG,Rosuvastatin 10mg capsules
statin,BNF,0212000AAAAAHAH,Rosuvastatin 20mg capsules
statin,BNF,0212000AAAAAIAI,Rosuvastatin 40mg capsules
statin,BNF,0212000AAAAAJAJ,Rosuvastatin 15mg tablets
statin,BNF,0212000AABBAAAA,Crestor 10mg tablets
statin,BNF,0212000AABBABAB,Crestor 20mg tablets
statin,BNF,0212000AABBACAC,Crestor 40mg tablets
statin,BNF,0212000AABBADAD,Crestor 5mg tablets
statin,BNF,0212000ACAAAAAA,Simvastatin 20mg / Ezetimibe 10mg tablets
statin,BNF,0212000ACAAABAB,Simvastatin 40mg / Ezetimibe 10mg tablets
statin,BNF,0212000ACAAACAC,Simvastatin 80mg / Ezetimibe 10mg tablets
statin,BNF,0212000ACBBAAAA,Inegy 10mg/20mg tablets
statin,BNF,0212000ACBBABAB,Inegy 10mg/40mg tablets
statin,BNF,0212000ACBBACAC,Inegy 10mg/80mg tablets
statin,BNF,0212000AJAAAAAA,Fenofibrate 145mg / Simvastatin 20mg tablets
statin,BNF,0212000AJAAABAB,Fenofibrate 145mg / Simvastatin 40mg tablets
statin,BNF,0212000AJBBAAAA,Cholib 145mg/20mg tablets
statin,BNF,0212000B0AAAAAA,Atorvastatin 10mg tablets
statin,BNF,0212000B0AAABAB,Atorvastatin 20mg tablets
statin,BNF,0212000B0AAACAC,Atorvastatin 40mg tablets
statin,BNF,0212000B0AAADAD,Atorvastatin 80mg tablets
statin,BNF,0212000B0AAAFAF,Atorvastatin 20mg/5ml oral solution
statin,BNF,0212000B0AAAGAG,Atorvastatin 40mg/5ml oral liquid
statin,BNF,0212000B0AAAHAH,Atorvastatin 10mg/5ml oral liquid
statin,BNF,0212000B0AAAIAI,Atorvastatin 80mg/5ml oral suspension
statin,BNF,0212000B0AAALAL,Atorvastatin 10mg chewable tablets sugar free
statin,BNF,0212000B0AAAMAM,Atorvastatin 20mg chewable tablets sugar free
statin,BNF,0212000B0AAANAN,Atorvastatin 30mg tablets
statin,BNF,0212000B0AAAPAP,Atorvastatin 60mg tablets
statin,BNF,0212000B0AAAQAQ,Atorvastatin 20mg/5ml oral suspension
statin,BNF,0212000B0AAARAR,Atorvastatin 10mg/5ml oral suspension
statin,BNF,0212000B0AAASAS,Atorvastatin 20mg/5ml oral suspension sugar free
statin,BNF,0212000B0BBAAAA,Lipitor 10mg tablets
statin,BNF,0212000B0BBABAB,Lipitor 20mg tablets
statin,BNF,0212000B0BBACAC,Lipitor 40mg tablets
statin,BNF,0212000B0BBADAD,Lipitor 80mg tablets
statin,BNF,0212000B0BBAEAL,Lipitor 10mg chewable tablets
statin,BNF,0212000B0BBAFAM,Lipitor 20mg chewable tablets
statin,BNF,0212000M0AAAAAA,Fluvastatin 20mg capsules
statin,BNF,0212000M0AAABAB,Fluvastatin 40mg capsules
statin,BNF,0212000M0AAADAD,Fluvastatin 80mg modified-release tablets
statin,BNF,0212000M0BBAAAA,Lescol 20mg capsules
statin,BNF,0212000M0BBABAB,Lescol 40mg capsules
statin,BNF,0212000M0BBACAD,Lescol XL 80mg tablets
statin,BNF,0212000M0BCAAAD,Luvinsta XL 80mg tablets
statin,BNF,0212000M0BEAAAD,Dorisin XL 80mg tablets
statin,BNF,0212000M0BGAAAD,Nandovar XL 80mg tablets
statin,BNF,0212000X0AAAAAA,Pravastatin 10mg tablets
statin,BNF,0212000X0AAABAB,Pravastatin 20mg tablets
statin,BNF,0212000X0AAADAD,Pravastatin 40mg tablets
statin,BNF,0212000X0AAAHAH,Pravastatin 40mg/5ml oral liquid
statin,BNF,0212000X0AAAKAK,Pravastatin 5mg/5ml oral liquid
statin,BNF,0212000X0BBAAAA,Lipostat 10mg tablets
statin,BNF,0212000X0BBABAB,Lipostat 20mg tablets
statin,BNF,0212000X0BBACAD,Lipostat 40mg tablets
statin,BNF,0212000Y0AAAAAA,Simvastatin 10mg tablets
statin,BNF,0212000Y0AAABAB,Simvastatin 20mg tablets
statin,BNF,0212000Y0AAADAD,Simvastatin 40mg tablets
statin,BNF,0212000Y0AAAFAF,Simvastatin 10mg/5ml oral suspension
statin,BNF,0212000Y0AAAGAG,Simvastatin 20mg/5ml oral liquid
statin,BNF,0212000Y0AAAHAH,Simvastatin 80mg tablets
statin,BNF,0212000Y0AAAKAK,Simvastatin 20mg/5ml oral suspension sugar free
statin,BNF,0212000Y0AAALAL,Simvastatin 40mg/5ml oral suspension sugar free
statin,BNF,0212000Y0BBAAAA,Zocor 10mg tablets
statin,BNF,0212000Y0BBABAB,Zocor 20mg tablets
statin,BNF,0212000Y0BBACAD,Zocor 40mg tablets
statin,BNF,0212000Y0BBADAH,Zocor 80mg tablets
statin,BNF,0212000Y0BBAEAA,Zocor Heart-Pro 10mg tablets
statin,BNF,0212000Y0BDAAAA,Simvador 10mg tablets
statin,BNF,0212000Y0BDABAB,Simvador 20mg tablets
statin,BNF,0212000Y0BDACAD,Simvador 40mg tablets
statin,BNF,0212000Y0BDADAH,Simvador 80mg tablets
